Date,Month,T,W,SR,DSP,DRH,PanE
01/01/1987,1,7.4,2.127,121.4,101,81,0.8
02/01/1987,1,8.3,1.736,137.2,101,81,0.8
03/01/1987,1,11.8,4.25,108.5,100.4,67,1.9
04/01/1987,1,10.5,4.141,147.1,99.8,79,1.7
05/01/1987,1,9.5,3.212,117.5,100.4,69,1.5
06/01/1987,1,6.8,3.107,90.9,100.6,82,0.8
07/01/1987,1,7.5,2.729,129.7,100.9,80,0.9
08/01/1987,1,6.1,2.027,234,101.5,79,1
09/01/1987,1,4.4,1.408,149.6,101.8,92,0.4
10/01/1987,1,4.5,2.187,121.6,101.7,88,0.5
11/01/1987,1,3.4,2.92,154.7,101.4,87,0.6
12/01/1987,1,3,2.988,111.2,101.3,90,0.5
13/01/1987,1,4.7,1.412,127.9,101.4,88,0.5
14/01/1987,1,5.2,1.886,161.7,101,72,0.9
15/01/1987,1,3.7,2.533,225.8,100.2,70,1.2
16/01/1987,1,0.9,2.966,163.1,100.7,81,0.9
17/01/1987,1,3.4,2.009,279,101.2,54,1.7
18/01/1987,1,4.6,2.269,196.6,101.3,53,1.6
19/01/1987,1,4.3,2.373,270.3,100.9,60,1.6
20/01/1987,1,6.7,2.332,266.4,101.3,46,2.3
21/01/1987,1,6.4,2.164,271.7,101.4,47,2.2
22/01/1987,1,7,2.852,167.1,100.7,56,1.9
23/01/1987,1,9.7,2.956,265,100.5,71,2.1
24/01/1987,1,9.4,2.323,147,101.2,70,1.3
25/01/1987,1,10.9,1.485,281.3,101.5,65,1.8
26/01/1987,1,11.8,2.068,277.3,101.1,68,2
27/01/1987,1,14.6,4.628,124.2,100.4,70,2.6
28/01/1987,1,11.2,3.84,189.2,100.8,68,2.2
29/01/1987,1,9.8,3.166,237.8,100.7,69,2
30/01/1987,1,11.1,3.927,197.2,100.5,67,2.3
31/01/1987,1,7.1,3.02,137.3,101.2,88,0.7
01/02/1987,2,9.8,2.843,297.4,100.7,63,2.3
02/02/1987,2,12.2,3.909,137.9,100.2,60,2.3
03/02/1987,2,10.4,3.262,161,100.6,85,1.1
04/02/1987,2,11.3,1.986,236.5,101.1,72,1.6
05/02/1987,2,10.6,1.622,325.5,101.3,72,1.8
06/02/1987,2,11.9,1.968,315.1,101.2,60,2.2
07/02/1987,2,14.3,2.551,315.1,100.8,48,3.3
08/02/1987,2,14.7,2.474,277,100.3,45,3.6
09/02/1987,2,15.9,2.446,154.3,100.2,60,2.5
10/02/1987,2,16.2,2.806,348.8,100.3,67,3.2
11/02/1987,2,15.7,2.679,166.7,100.9,69,2.1
12/02/1987,2,13.8,3.886,142.7,101,82,1.4
13/02/1987,2,16.4,3.635,130.3,100.6,77,2.4
14/02/1987,2,12.3,2.223,314.3,100.9,69,2.6
15/02/1987,2,11.4,4.437,292.8,100.5,71,2.9
16/02/1987,2,8.9,2.706,294.7,101.1,77,1.8
17/02/1987,2,10.9,1.868,323.3,101.1,59,2.3
18/02/1987,2,11,3.134,332.8,100.7,59,2.9
19/02/1987,2,9.4,2.761,353,100.8,61,2.5
20/02/1987,2,9.9,2.619,362.5,101.1,51,3.2
21/02/1987,2,8.6,4.186,365.9,100.4,54,3.3
22/02/1987,2,9.1,2.897,389.8,100.4,57,2.9
23/02/1987,2,7.6,5.53,358.4,98.9,45,3.8
24/02/1987,2,6.6,3.18,363.3,99.2,55,2.6
25/02/1987,2,7.4,2.729,352.5,99.7,61,2.5
26/02/1987,2,7.2,2.619,397.2,100.5,54,2.7
27/02/1987,2,8.9,2.378,425.9,100.9,51,3.1
28/02/1987,2,10.6,1.631,399.6,100.8,50,3
01/03/1987,3,12.1,1.717,439.5,100.4,50,3.5
02/03/1987,3,12.3,2.934,379,100.8,56,3.4
03/03/1987,3,15.8,1.913,396.8,100.7,42,4.1
04/03/1987,3,17.3,3.148,216,100.3,42,4.5
05/03/1987,3,14.1,3.672,140.3,100.3,87,1.3
06/03/1987,3,13.8,3.667,273.6,100.6,86,1.9
07/03/1987,3,13.8,3.052,318.3,100.5,65,3
08/03/1987,3,14,3.403,404,100.6,62,3.5
09/03/1987,3,13.4,4.022,456.5,100.8,60,4.4
10/03/1987,3,12.4,3.603,275.9,100.8,71,2.5
11/03/1987,3,15.4,3.207,464.3,101.1,57,4.5
12/03/1987,3,15.9,2.656,418.3,100.6,59,3.8
13/03/1987,3,13.8,3.321,496.5,100.9,61,4.3
14/03/1987,3,10.5,3.016,233.8,100.1,74,1.7
15/03/1987,3,9.4,4.514,348,99.8,67,2.9
16/03/1987,3,11,2.382,444.9,100.4,65,3.1
17/03/1987,3,12.8,2.915,491.6,100.6,59,3.9
18/03/1987,3,11.5,5.006,421.2,100.3,55,4.1
19/03/1987,3,8.5,3.694,438.8,100.1,54,3.5
20/03/1987,3,9.4,2.31,475.3,100.6,47,3.7
21/03/1987,3,7.7,4.132,268.8,99.9,83,1.9
22/03/1987,3,9,2.123,425,100.7,66,2.5
23/03/1987,3,9.4,3.667,239.2,100.6,77,1.7
24/03/1987,3,11.1,2.651,351.9,100.5,67,2.5
25/03/1987,3,13.2,3.089,520.1,100.7,56,4.4
26/03/1987,3,14.5,2.82,547.1,100.9,55,4.9
27/03/1987,3,14,2.364,534,100.7,59,4.5
28/03/1987,3,14.5,2.993,541.1,100.5,49,5.3
29/03/1987,3,16.2,2.209,556.5,100.6,43,5.7
30/03/1987,3,17.4,2.774,534.2,100.8,35,6.4
31/03/1987,3,17.2,2.323,490.2,100.3,47,5.3
01/04/1987,4,17.6,2.747,529.9,100.4,45,5.9
02/04/1987,4,16,4.41,566,100.3,58,6.1
03/04/1987,4,13.1,4.902,357.6,99.9,64,4.2
04/04/1987,4,13.7,3.079,478.7,100.3,62,4.3
05/04/1987,4,15.7,3.831,599.9,100.7,49,6.6
06/04/1987,4,16.2,3.931,569.6,100.8,54,6.2
07/04/1987,4,17.6,2.633,571.8,100.8,55,5.9
08/04/1987,4,19.2,1.904,547.5,100.8,53,5.6
09/04/1987,4,20.6,2.496,595.7,100.6,51,6.7
10/04/1987,4,20.7,4.013,535.8,100.4,48,7.3
11/04/1987,4,17,6.323,527.2,100.2,53,7.4
12/04/1987,4,16.1,3.28,583.5,100.4,46,6.5
13/04/1987,4,20,1.945,633.2,100.5,38,7.2
14/04/1987,4,22,1.786,614.8,100.4,32,7.7
15/04/1987,4,22.5,2.341,647,100.5,35,8.4
16/04/1987,4,22.5,2.228,582.6,100.3,34,7.8
17/04/1987,4,20.9,4.091,608.3,99.8,38,8.7
18/04/1987,4,14.5,6.387,565.3,100.2,35,8.7
19/04/1987,4,13.5,2.87,606.7,100.8,35,6.5
20/04/1987,4,18.2,2.378,622,100.9,30,7.6
21/04/1987,4,21.6,2.747,635.5,100.7,26,9.3
22/04/1987,4,23.2,2.943,553.7,100.2,26,8.7
23/04/1987,4,21.8,3.617,642.2,100.2,30,9.4
24/04/1987,4,20,3.471,627.3,100.3,40,8.4
25/04/1987,4,23,3.339,623.2,100.2,33,9.6
26/04/1987,4,24.3,2.369,497.3,100.4,38,7.6
27/04/1987,4,26.6,2.218,665.4,100.2,31,10.2
28/04/1987,4,24,3.635,466.8,100.1,34,8.8
29/04/1987,4,21.5,3.767,578.3,99.9,35,9.1
01/05/1987,5,16.5,6.282,566.6,100.6,44,8.6
02/05/1987,5,16.6,4.988,637.1,100.7,44,8.4
03/05/1987,5,19.9,2.414,679.1,100.5,43,8
04/05/1987,5,24.4,2.679,663.2,100.3,31,9.8
05/05/1987,5,26.8,3.075,668.3,100.2,30,11.1
06/05/1987,5,28.8,2.806,661.7,100.1,29,11.6
07/05/1987,5,29.6,3.485,523.4,100,23,11.7
08/05/1987,5,28.5,4.824,619.4,100.1,29,13.2
09/05/1987,5,26.4,3.198,620.4,100.2,38,10
10/05/1987,5,27.3,2.961,649.1,99.9,36,10.8
11/05/1987,5,29.1,3.066,635.9,99.8,32,11.5
12/05/1987,5,29.1,3.685,637.5,99.7,34,12.2
13/05/1987,5,28.7,3.849,667.8,99.8,35,12.5
14/05/1987,5,29.1,3.243,593.1,99.8,34,11.2
15/05/1987,5,27.1,3.74,566.6,99.8,46,9.5
16/05/1987,5,22.9,3.59,629.7,99.9,50,8.6
17/05/1987,5,19.4,3.922,682.1,99.7,48,8.5
18/05/1987,5,18.5,3.152,713.6,99.9,52,7.8
19/05/1987,5,16.6,2.619,388,99.9,64,4
20/05/1987,5,16,2.332,271,100,63,3
21/05/1987,5,18.6,3.685,627,100.4,56,7.1
22/05/1987,5,20.2,3.931,666,100.4,50,8.8
23/05/1987,5,20.3,4.104,697.4,100.2,38,10
24/05/1987,5,16.2,4.628,608.1,100.3,48,7.5
25/05/1987,5,15.1,4.004,572.7,100,48,6.5
26/05/1987,5,16.4,3.344,630,100.1,52,6.7
27/05/1987,5,17.9,3.079,701.9,100.2,52,7.7
28/05/1987,5,20,3.007,664.8,100.3,44,8.3
29/05/1987,5,20,4.018,667.1,100.3,45,9.1
30/05/1987,5,21,3.029,657,100.3,39,8.8
31/05/1987,5,21.4,4.227,737.9,100.4,49,10.2
01/06/1987,6,23.7,2.665,738.4,100.2,40,10.2
02/06/1987,6,28.6,2.847,720.3,100.1,33,12
03/06/1987,6,30.3,2.66,693,100.1,31,12.3
04/06/1987,6,27.7,3.567,647.5,100.1,37,11.6
05/06/1987,6,23.4,3.508,452.7,100.1,52,7.1
06/06/1987,6,25.9,3.198,444.4,100.1,51,7.5
07/06/1987,6,26.8,3.134,603.9,100,45,9.5
08/06/1987,6,26.8,4.073,720,100,39,12.3
09/06/1987,6,27.1,3.804,738.7,99.8,37,12.7
10/06/1987,6,27.5,3.366,711.2,99.6,34,12.2
11/06/1987,6,27.5,3.54,685.2,99.8,37,11.8
12/06/1987,6,29.3,3.676,733.9,100.2,33,13.6
13/06/1987,6,28.5,3.644,679.3,100.1,36,12.3
14/06/1987,6,22.9,4.724,679.2,100.1,44,10.8
15/06/1987,6,21.3,3.899,738.9,100.4,46,10.2
16/06/1987,6,22.5,3.836,715.9,100.2,44,10.2
17/06/1987,6,22.4,3.972,734.1,100.3,37,11.1
18/06/1987,6,22.5,3.485,746.3,100.4,40,10.7
19/06/1987,6,24.4,3.799,750.9,100.1,37,11.6
20/06/1987,6,22.5,4.332,721,100.1,41,10.8
21/06/1987,6,22.6,5.448,713.7,100.1,47,11.2
22/06/1987,6,23.5,2.487,713,100.2,42,9.6
23/06/1987,6,27.3,3.157,711.8,100,33,11.9
24/06/1987,6,29.6,3.234,726.3,100,28,13.5
25/06/1987,6,30.8,3.143,714.5,99.9,31,13.5
26/06/1987,6,31,3.161,691.1,100,31,13.3
27/06/1987,6,28.9,3.371,678.5,100,31,12.5
28/06/1987,6,26.1,3.622,725.5,100,37,11.8
29/06/1987,6,25.4,4.004,743,99.9,43,11.5
30/06/1987,6,24.9,4.118,718.7,99.9,42,11.3
01/07/1987,7,23.5,3.776,742.1,100.2,44,10.8
02/07/1987,7,24.7,4.109,739.1,100.1,38,11.9
03/07/1987,7,23,4.824,738.1,100,40,11.8
04/07/1987,7,22.7,3.995,724.8,100.1,40,10.9
05/07/1987,7,24.7,3.758,750.6,100,36,11.8
06/07/1987,7,26.1,3.157,747,100,33,12
07/07/1987,7,28.5,3.722,714.4,99.9,33,13.1
08/07/1987,7,26.9,3.53,735.6,99.6,36,12.4
09/07/1987,7,28.4,3.107,675.1,99.5,36,11.6
10/07/1987,7,26.2,3.407,738,99.6,39,11.6
11/07/1987,7,25,3.225,733.7,100,43,10.7
12/07/1987,7,27.4,4.141,704.3,100.2,41,12.3
14/07/1987,7,31.7,3.061,681.2,99.8,34,12.7
15/07/1987,7,32.2,3.221,698.8,99.6,30,13.5
16/07/1987,7,27.8,4.259,719.3,99.4,32,13.3
17/07/1987,7,19,4.396,725.5,100,37,10.1
18/07/1987,7,20.6,3.353,709,100.3,42,9.5
19/07/1987,7,22.8,3.394,662.7,100,36,10
20/07/1987,7,22.1,3.571,536.9,99.9,36,8.7
21/07/1987,7,20.3,4.15,592.3,100.4,42,8.7
22/07/1987,7,21.8,3.708,728.5,100.4,37,10.5
23/07/1987,7,24.1,3.868,704.4,100,33,11.3
24/07/1987,7,24.8,3.899,655.4,99.9,36,10.9
25/07/1987,7,24.9,3.776,718.8,100,34,11.7
26/07/1987,7,25.4,3.453,702.6,99.8,31,11.6
27/07/1987,7,25.6,3.59,685,99.8,33,11.4
28/07/1987,7,25.9,4.209,714.8,99.8,30,12.9
29/07/1987,7,24.8,4.774,711,99.8,32,12.9
30/07/1987,7,25,3.845,707.1,99.9,32,12
31/07/1987,7,26.6,3.061,701.9,100,30,11.7
01/08/1987,8,29.3,2.592,707.1,99.9,28,11.9
02/08/1987,8,31.1,2.984,665.9,99.7,28,12.7
03/08/1987,8,31.3,3.07,659.2,99.7,30,12.9
04/08/1987,8,31.8,3.439,679.5,99.8,23,14.2
05/08/1987,8,31.3,3.681,695.6,99.7,25,14.2
06/08/1987,8,30.5,2.742,693.8,99.6,24,12.8
07/08/1987,8,28,2.665,682.9,99.7,31,11.2
08/08/1987,8,27.6,2.428,683.6,99.9,36,10.6
09/08/1987,8,28.3,2.733,683.8,99.9,34,11.2
10/08/1987,8,27,3.426,646.9,100,37,11
11/08/1987,8,26.1,3.225,674,100,36,10.9
12/08/1987,8,25.3,3.234,655.2,100,39,10.1
13/08/1987,8,24.1,3.403,670.3,99.7,37,9.9
14/08/1987,8,20.9,4.46,650.8,99.8,44,9
15/08/1987,8,21.4,3.202,643.8,100.3,49,8.3
16/08/1987,8,25,2.209,640.7,100.3,41,8.9
17/08/1987,8,27.4,3.079,647.9,100.2,36,10.8
18/08/1987,8,25.7,3.394,651.8,100.2,40,10.2
19/08/1987,8,22.9,3.385,532.2,100.3,50,7.6
20/08/1987,8,22.4,3.048,471.2,100.2,50,6.7
21/08/1987,8,22.9,2.783,632.3,100.4,41,8.7
22/08/1987,8,23,2.906,620.6,100.5,42,8.6
23/08/1987,8,23,2.688,585.6,100.4,44,8.1
24/08/1987,8,24.1,2.77,640,100.2,39,9.3
25/08/1987,8,26.1,3.152,582.4,100.2,34,9.8
26/08/1987,8,27.4,2.856,569.6,100.3,38,9.4
27/08/1987,8,27.2,2.783,604.1,100.3,41,9.5
28/08/1987,8,28.7,3.057,568.4,100.2,38,9.9
29/08/1987,8,30.3,2.984,559.5,100.1,32,10.7
30/08/1987,8,30.8,3.161,570.5,100.2,32,11.2
31/08/1987,8,30.6,3.407,536.8,100.3,37,10.9
01/09/1987,9,31,2.669,542.1,100.4,36,10.2
02/09/1987,9,30.6,2.319,478,100.1,40,9
03/09/1987,9,29.7,3.107,557.2,100,30,11.2
04/09/1987,9,25.2,2.911,598.7,99.9,31,9.8
05/09/1987,9,21.9,3.075,604,100.1,42,8.1
06/09/1987,9,20.8,2.205,542.6,100.4,52,6.2
07/09/1987,9,22.1,2.833,579.4,100.5,49,7.5
08/09/1987,9,23.8,1.818,575.8,100.4,42,7.5
09/09/1987,9,25.8,3.53,500.9,100.3,35,9.2
10/09/1987,9,21.6,4.082,533.3,100.5,50,7.8
11/09/1987,9,21.4,4.082,532.5,100,44,8
12/09/1987,9,20.2,3.617,525.9,99.7,47,7.1
13/09/1987,9,19.8,3.207,518.8,100.2,51,6.4
14/09/1987,9,20.8,3.157,560.8,100.6,55,6.7
15/09/1987,9,22.2,2.214,554.6,100.4,48,6.9
16/09/1987,9,22.5,2.546,550.5,100,42,7.5
17/09/1987,9,23.3,2.191,547.9,100.1,34,8
18/09/1987,9,24.5,2.537,540.6,100.3,32,8.7
19/09/1987,9,24.3,2.66,538.8,100.3,35,8.4
20/09/1987,9,24.4,1.731,489.7,100.3,33,7.2
21/09/1987,9,25.3,1.285,525.5,100.1,33,7.4
22/09/1987,9,26.5,2.492,449.3,100.1,31,8.2
23/09/1987,9,25,2.41,446.4,100.4,40,7.3
24/09/1987,9,23.5,3.116,513.1,100.4,41,7.9
25/09/1987,9,22.1,3.612,493.5,100.3,49,7.1
26/09/1987,9,22.2,2.551,502.6,100.2,48,6.6
27/09/1987,9,24.1,2.004,507.7,100.2,39,7.2
28/09/1987,9,25.3,2.305,498.2,100.4,35,7.8
29/09/1987,9,25.7,1.936,462.2,100.5,36,7.2
30/09/1987,9,26.2,2.091,478.6,100.2,36,7.6
01/10/1987,10,26.4,2.966,479.5,100.1,36,8.4
02/10/1987,10,25.3,2.287,485.9,100.5,40,7.3
03/10/1987,10,25.7,2.66,482.3,100.8,38,7.9
04/10/1987,10,26.2,2.027,476.6,100.6,32,7.6
05/10/1987,10,25.7,1.736,475.6,100.3,31,7.2
06/10/1987,10,26.5,2.373,446.5,100.1,27,8.1
07/10/1987,10,23.7,3.057,453.1,100.2,36,7.6
08/10/1987,10,21.2,2.683,430.7,100.2,46,5.8
09/10/1987,10,20.6,3.335,416.3,100.2,51,5.7
10/10/1987,10,19.7,2.15,435.1,100.5,51,4.9
11/10/1987,10,21.6,1.69,439,100.4,43,5.4
12/10/1987,10,20,3.831,413.1,100.4,53,5.7
13/10/1987,10,18.8,1.84,436.9,100.3,55,4.4
14/10/1987,10,19.7,2.023,431.3,100.3,49,4.8
15/10/1987,10,20.2,1.535,425.5,100.2,45,4.7
16/10/1987,10,20.1,2.259,428.4,100.5,41,5.4
17/10/1987,10,18.6,2.164,419.2,100.6,48,4.7
18/10/1987,10,19.6,1.886,416.7,100.5,39,5.2
19/10/1987,10,19.2,1.818,412.7,100.2,36,5.1
20/10/1987,10,18.6,2.337,337.8,100.3,43,4.7
21/10/1987,10,19,2.319,325.7,100.4,53,4
22/10/1987,10,18.5,2.774,200.9,100,77,2
23/10/1987,10,19.3,2.569,331.1,100.2,67,3.3
24/10/1987,10,18.8,2.223,319,100.7,67,3
25/10/1987,10,19.6,1.686,365.3,101.2,58,3.7
26/10/1987,10,20.6,1.722,318.5,100.8,51,3.8
27/10/1987,10,20.1,1.886,165.4,100.4,59,2.4
28/10/1987,10,19.1,2.597,279.1,100.5,74,2.5
29/10/1987,10,17.4,1.84,279.7,100.5,71,2.3
30/10/1987,10,16.2,1.121,248.5,100.4,77,1.7
01/11/1987,11,16.3,2.041,202.6,100.2,79,1.8
02/11/1987,11,12.8,2.323,225.2,100.5,64,2.1
03/11/1987,11,12.6,0.793,332.8,100.5,60,2.1
04/11/1987,11,12.6,1.959,241.4,100.3,71,1.7
05/11/1987,11,15.4,2.656,273,100.2,63,2.7
06/11/1987,11,15.2,1.968,237.1,101,66,2.1
07/11/1987,11,13.2,1.558,317.8,101.2,69,2.1
08/11/1987,11,13.9,1.526,294.8,101,65,2.1
09/11/1987,11,15.3,2.925,294.6,101.1,58,2.8
10/11/1987,11,13.7,1.717,272.6,101.3,77,1.6
11/11/1987,11,12.9,1.631,152.9,101.3,83,0.8
12/11/1987,11,11.7,1.485,139.4,100.9,94,0.5
13/11/1987,11,12.6,2.879,113.2,100.4,89,0.7
14/11/1987,11,10.7,3.079,186.1,100.7,75,1.7
15/11/1987,11,8.6,1.412,261.9,101.2,66,1.5
16/11/1987,11,9.7,1.768,275.7,101,65,1.7
17/11/1987,11,10.9,2.428,123.3,100.6,83,1
18/11/1987,11,11.4,1.69,212.9,101.2,84,1
19/11/1987,11,12.3,1.453,254.9,101.4,58,1.8
20/11/1987,11,11,3.758,158.1,100.8,58,2
21/11/1987,11,7.7,1.481,151.2,101,89,0.5
22/11/1987,11,8.4,1.312,160.1,100.8,81,0.7
23/11/1987,11,8.3,0.884,222.3,100.9,75,0.9
24/11/1987,11,8.3,1.102,238.5,101.3,74,1
25/11/1987,11,6.1,2.51,138.3,101,84,0.7
26/11/1987,11,6.1,1.153,255.9,101,65,1.2
27/11/1987,11,6.1,1.444,236.3,100.8,62,1.3
28/11/1987,11,6.3,2.054,245,100.2,64,1.4
29/11/1987,11,6.4,2.1,242.5,100.8,72,1.2
30/11/1987,11,8.8,2.278,128.1,101,66,1.4
01/12/1987,12,12,1.617,201.6,101,57,2
02/12/1987,12,11.3,1.367,224.6,100.9,59,1.6
03/12/1987,12,11.9,2.433,262.2,100.7,63,2.1
04/12/1987,12,11.9,3.831,122.8,100,73,1.5
05/12/1987,12,11,3.571,112.2,100.7,74,1.4
06/12/1987,12,11,3.968,111.5,100.6,77,1.3
07/12/1987,12,9.7,3.202,238.7,101.3,61,1.9
08/12/1987,12,8.6,2.724,79.1,101.1,83,0.7
09/12/1987,12,10.1,1.435,212.8,101.4,72,1.1
10/12/1987,12,13.4,2.341,183.2,101.4,75,1.4
11/12/1987,12,9.5,3.571,113.4,101.2,82,1.2
12/12/1987,12,4.7,2.829,150,100.6,69,1.1
13/12/1987,12,2.6,3.175,233.7,100.8,64,1.4
14/12/1987,12,1.8,2.77,173.1,101.4,64,1.1
15/12/1987,12,4.7,4.164,117.9,100.5,53,2.3
16/12/1987,12,9.9,3.576,118.1,99,46,3.3
17/12/1987,12,5.3,2.893,105.2,99.7,91,0.6
18/12/1987,12,5.9,1.481,242,100.5,79,0.9
19/12/1987,12,7.2,2.118,168.2,100.5,83,0.7
20/12/1987,12,4.5,1.485,136.4,101.3,92,0.3
21/12/1987,12,3.8,1.79,112.3,101.5,97,0.1
22/12/1987,12,5.1,2.806,86.8,100.8,97,0.2
24/12/1987,12,0.6,2.66,227.3,101,65,1
25/12/1987,12,0.2,2.729,246.3,101,58,1.2
26/12/1987,12,2.4,2.191,249.2,101.3,45,1.7
27/12/1987,12,3.6,3.175,127.9,101.3,49,1.9
28/12/1987,12,6.9,4.997,73.4,101,85,1.5
29/12/1987,12,4.7,3.576,75.3,100.4,91,0.4
30/12/1987,12,4.6,1.963,181.9,101.5,71,0.9
31/12/1987,12,1.9,1.811,235.9,101.7,74,0.7
01/01/1988,1,1.5,2.146,101.6,101.7,95,0.2
02/01/1988,1,4.4,1.613,116,101.4,86,0.4
03/01/1988,1,8.4,3.339,126.1,100.9,79,1.2
04/01/1988,1,10.8,2.888,99.5,100.6,76,1.3
05/01/1988,1,10.2,3.745,127.7,100.5,84,0.9
06/01/1988,1,4.9,1.458,186.8,101.2,93,0.4
07/01/1988,1,5.2,2.259,108.5,101.2,98,0.1
08/01/1988,1,8.1,2.168,189.3,101.3,83,0.8
09/01/1988,1,7.7,2.05,111.8,101.7,92,0.3
10/01/1988,1,7.3,1.936,137.6,101.3,92,0.4
11/01/1988,1,8.6,4.774,220.6,101,68,2
12/01/1988,1,5.4,1.631,265,101.3,69,1.2
13/01/1988,1,6.3,2.214,253,101.8,72,1.2
14/01/1988,1,7.1,2.31,206.9,101.3,74,1.1
15/01/1988,1,8.4,3.321,115.7,100.6,86,0.8
16/01/1988,1,7.5,4.779,95.4,100.4,92,0.6
17/01/1988,1,8.7,6.947,126.4,98.4,80,1.8
18/01/1988,1,6.3,3.54,223.4,100.5,58,2.3
19/01/1988,1,5.5,2.583,267.4,101.3,72,1.3
20/01/1988,1,5.3,2.027,269.6,101.9,69,1.2
21/01/1988,1,3.2,2.214,188.6,101.5,88,0.5
22/01/1988,1,6.9,2.146,276.3,101.9,57,1.7
23/01/1988,1,7,1.95,235.1,101.5,68,1.3
24/01/1988,1,7.9,2.045,297.1,101.4,68,1.5
25/01/1988,1,9.2,2.045,286.7,101.4,62,1.7
26/01/1988,1,9.7,1.745,246.9,101.1,70,1.3
27/01/1988,1,11,2.013,264.9,100.8,69,1.7
28/01/1988,1,12.9,2.187,119.5,100.5,59,1.9
29/01/1988,1,12.3,2.897,183.6,100.6,43,2.9
30/01/1988,1,10.1,4.182,283.3,100.8,67,2.3
04/02/1988,2,6.2,1.048,327.9,101.4,58,1.5
05/02/1988,2,7.2,1.84,329,101.6,58,1.8
06/02/1988,2,7.2,1.717,322.6,101.5,62,1.7
07/02/1988,2,8.1,1.754,334.8,101.3,62,1.8
08/02/1988,2,9.1,1.43,343.1,101.4,63,1.8
09/02/1988,2,10.1,1.936,326.7,101.5,67,1.9
10/02/1988,2,10.7,1.745,324.7,101.3,67,2
11/02/1988,2,11.6,1.599,354.4,101.2,61,2.3
12/02/1988,2,12.3,1.467,350.5,100.9,53,2.6
13/02/1988,2,11.9,1.877,323.8,100.8,56,2.6
14/02/1988,2,10.4,2.018,375.1,100.9,60,2.5
15/02/1988,2,12,1.941,367.3,100.6,55,2.8
16/02/1988,2,9.9,2.023,356,100.5,70,2.2
17/02/1988,2,9.4,2.355,386.2,101.3,50,3.1
18/02/1988,2,9.4,3.485,381.9,100.6,54,3.7
19/02/1988,2,9.2,2.565,367.7,101.2,47,3.3
20/02/1988,2,11.1,2.05,379.7,101.3,39,3.6
21/02/1988,2,11.4,1.508,349,101,45,2.9
22/02/1988,2,11.2,1.777,368.8,100.5,52,2.8
23/02/1988,2,12.8,2.032,328.4,100.4,50,2.9
24/02/1988,2,13,1.877,405.8,100.8,56,3.2
25/02/1988,2,14,1.859,406.4,100.7,54,3.4
26/02/1988,2,16.5,1.531,305.2,100.1,52,3.3
27/02/1988,2,16.2,2.934,170,100.4,63,2.7
28/02/1988,2,14.8,2.71,327.7,100.6,69,2.6
29/02/1988,2,12.5,3.271,154.3,100.5,91,1
01/03/1988,3,10.8,3.298,173.9,100.4,88,1.1
02/03/1988,3,9,2.405,236.6,100.8,76,1.3
03/03/1988,3,11.3,2.023,439,100.8,67,2.7
04/03/1988,3,12.8,2.132,382.5,101.1,74,2.3
05/03/1988,3,14.1,1.868,413.7,101.2,71,2.7
06/03/1988,3,13.1,4.223,376.6,100.9,65,3.4
07/03/1988,3,12.5,2.364,466,100.8,71,3.1
08/03/1988,3,15.9,2.423,444.7,101.2,56,4
09/03/1988,3,13,6.482,480.5,101.4,44,6.8
10/03/1988,3,8.5,4.314,492.6,100.8,46,4.7
11/03/1988,3,8.9,2.761,490.9,100.7,38,4.1
12/03/1988,3,9.7,2.164,462.2,101.1,39,3.8
13/03/1988,3,11.5,1.931,502.4,101.2,37,4.4
14/03/1988,3,12.1,2.141,469.6,100.5,40,4.3
15/03/1988,3,12.8,3.262,517.2,100,44,5
16/03/1988,3,12.3,2.597,504.6,100.8,49,4.4
17/03/1988,3,13.6,1.745,514.8,101.4,39,4.5
18/03/1988,3,15.4,1.877,496,101.4,34,5.1
19/03/1988,3,17.4,1.335,518.7,101,29,5.6
20/03/1988,3,18.1,2.815,483.7,100.7,35,6.2
21/03/1988,3,16.7,4.391,452.1,100.7,41,6.3
22/03/1988,3,16.2,3.69,538.3,101,44,6.6
23/03/1988,3,16.1,4.674,495.2,101,48,6.7
24/03/1988,3,14.9,2.774,515.8,101.2,52,5.1
25/03/1988,3,17.5,1.763,541.5,101.1,49,5.3
26/03/1988,3,20.5,3.157,560.5,100.5,43,7.4
27/03/1988,3,15.8,6.154,530.4,100.4,34,9.3
28/03/1988,3,13.2,2.05,576.6,100.9,34,5.8
29/03/1988,3,15.7,3.134,554.4,100.6,35,6.7
30/03/1988,3,14.1,4.309,510.7,100.2,35,6.8
31/03/1988,3,15.3,3.048,551.6,100.4,27,7
01/04/1988,4,16.8,2.51,592.4,100.6,30,7.2
02/04/1988,4,17.6,2.765,537.6,100.4,31,7.1
03/04/1988,4,16.9,3.271,527.4,100.2,38,6.5
04/04/1988,4,17.6,3.963,557.9,100.4,46,7
05/04/1988,4,18,1.904,591.1,100.8,41,6.4
06/04/1988,4,21.3,2.82,509.5,100.5,37,7.2
07/04/1988,4,19.7,5.334,548.3,100.4,35,9.5
08/04/1988,4,15.2,2.829,545.5,100.5,37,6.4
09/04/1988,4,19.1,1.795,611.3,100.5,34,7
10/04/1988,4,22,1.831,548.1,100.5,30,7.4
11/04/1988,4,23.1,2.282,563.5,100.1,30,8.4
12/04/1988,4,20.9,2.669,407.7,99.9,32,6.7
13/04/1988,4,16.9,3.685,346.4,100,55,4.4
14/04/1988,4,10.6,3.594,193.6,99.9,93,0.8
15/04/1988,4,11.1,2.114,296.9,100.2,79,1.8
16/04/1988,4,13.8,3.034,281.9,100.6,71,2.5
17/04/1988,4,15.9,3.89,556.5,100.7,59,5.6
18/04/1988,4,16.4,2.988,522,100.6,53,5.3
19/04/1988,4,13.1,4.51,231.8,99.9,80,2.1
20/04/1988,4,13.1,3.43,489.2,99.6,61,4.2
21/04/1988,4,13.5,3.599,595.3,99.5,58,5.2
22/04/1988,4,11.9,2.938,273.4,100.1,70,2.1
23/04/1988,4,11.8,3.038,392.2,100.7,70,2.9
24/04/1988,4,15.4,2.533,555.1,101.1,57,5
25/04/1988,4,16,2.71,649.6,100.7,54,6.2
26/04/1988,4,18.6,1.54,561.2,100.1,45,5.6
27/04/1988,4,19.6,2.993,461.7,99.8,44,6
28/04/1988,4,16.4,2.615,523.1,100.5,52,5.3
29/04/1988,4,17.2,4.701,677.2,100.8,49,8.2
30/04/1988,4,12.4,7.89,634,101,42,8.8
01/05/1988,5,12.9,4.505,702.3,101.2,37,8.1
02/05/1988,5,15.7,2.533,659.8,101.2,35,7.2
03/05/1988,5,17.1,3.171,651.6,100.4,40,7.7
04/05/1988,5,15.4,4.127,629.8,99.9,40,7.9
05/05/1988,5,10.6,3.171,545.6,100.4,51,4.5
06/05/1988,5,12.4,2.574,525.2,101,54,4.3
07/05/1988,5,13.2,2.642,389.4,100.6,70,2.9
08/05/1988,5,14.8,2.177,632.2,100.9,56,5.5
09/05/1988,5,17.8,1.909,651.7,100.9,46,6.6
10/05/1988,5,21.9,2.091,687.4,100.9,39,8.4
11/05/1988,5,24.9,2.182,653.7,100.6,38,9.2
12/05/1988,5,23.2,4.446,701.9,100.5,34,11
13/05/1988,5,18.9,5.057,732.7,100.8,43,10.2
14/05/1988,5,21.5,2.273,692.7,100.3,41,8.7
15/05/1988,5,24.5,2.956,718.7,99.9,34,10.5
16/05/1988,5,16.7,5.498,400.7,100.4,58,5.4
17/05/1988,5,16.9,5.248,614.5,100.3,48,8
18/05/1988,5,19.7,2.756,723,100.2,43,8.8
19/05/1988,5,23.3,2.341,729.4,100.1,38,9.9
20/05/1988,5,26.4,2.168,735.9,100.2,26,11.1
21/05/1988,5,27.9,3.512,744.9,100.2,23,13.7
22/05/1988,5,25.9,3.95,597,100.1,27,11.7
23/05/1988,5,24.7,3.198,720.6,99.9,36,11.2
24/05/1988,5,23.9,3.658,720.9,100,32,11.6
25/05/1988,5,21.4,3.48,729.4,100.3,40,10
26/05/1988,5,20.6,4.451,665.9,100.4,37,10.1
27/05/1988,5,20.7,4.045,743.9,100.2,43,10.1
28/05/1988,5,19.3,4.423,575.1,99.9,55,7.4
29/05/1988,5,14.8,5.799,600.9,99.9,42,8.4
30/05/1988,5,16.8,3.43,758.2,100.2,40,9
31/05/1988,5,20.4,2.706,682.9,100.6,36,9
01/06/1988,6,23.3,2.761,669.4,100.6,43,9.2
02/06/1988,6,25.7,3.959,754,100.5,34,12.5
03/06/1988,6,23,4.747,726.4,100.3,46,11.1
04/06/1988,6,17.5,5.548,543.8,100.2,39,8.9
05/06/1988,6,15.9,4.874,737.9,100.2,44,9.2
06/06/1988,6,15.4,3.312,679.4,100.4,44,7.4
07/06/1988,6,16.1,3.366,711,100.7,45,7.8
08/06/1988,6,17.8,3.011,727.6,100.8,41,8.6
09/06/1988,6,20.6,3.676,761,100.4,37,10.4
10/06/1988,6,22,3.38,726.1,100.4,43,10
11/06/1988,6,22.6,3.858,715.4,100.3,37,10.8
12/06/1988,6,22.6,2.797,751.8,100.1,44,10
13/06/1988,6,27.3,2.337,702.7,99.9,35,10.9
14/06/1988,6,29.5,2.733,656.7,99.9,33,11.6
15/06/1988,6,28.7,3.166,694.4,99.9,32,12.4
16/06/1988,6,24.7,3.407,677,100,39,10.5
17/06/1988,6,24.2,3.776,714.4,99.8,41,11
18/06/1988,6,28.5,3.148,734.2,99.8,37,12.3
19/06/1988,6,31.1,3.781,669,99.6,32,13.1
20/06/1988,6,26.1,3.284,575.7,99.8,44,9.5
21/06/1988,6,24.8,2.829,726.1,100.1,45,10.2
22/06/1988,6,27.3,2.966,610.6,99.8,42,9.9
23/06/1988,6,29.4,3.667,481.7,99.6,46,9.4
24/06/1988,6,27.8,3.139,584.2,99.5,48,9.6
25/06/1988,6,25.9,3.694,684.5,100,40,11.2
26/06/1988,6,27.3,4.259,754.7,100.3,33,13.8
27/06/1988,6,27.4,5.239,769.4,100.1,28,15.6
28/06/1988,6,26.2,4.984,769.5,100,33,14.4
29/06/1988,6,24.5,3.89,742.6,100.1,28,12.8
30/06/1988,6,27.1,1.954,754.2,99.8,29,11.6
01/07/1988,7,29.4,3.189,747.2,99.6,29,13.4
02/07/1988,7,30,3.776,748.1,99.7,30,14.2
03/07/1988,7,29.1,4.237,740.6,99.6,35,14.1
04/07/1988,7,25,4.701,763.5,99.8,27,14.1
05/07/1988,7,24.2,4.624,759.2,100.2,30,13.4
06/07/1988,7,26.6,3.813,757,100.1,30,13.5
07/07/1988,7,28.9,3.312,746.9,100.1,32,13.4
08/07/1988,7,29.4,4.155,729.6,100.1,31,14.3
09/07/1988,7,30.3,2.706,726.2,99.8,31,12.8
10/07/1988,7,31,3.968,740.1,99.6,33,14.4
11/07/1988,7,27.5,3.681,756.9,100.1,31,13.3
12/07/1988,7,25.7,4.227,739.7,100.4,40,12.2
13/07/1988,7,26.5,3.845,732.9,100.2,43,11.8
14/07/1988,7,27.4,5.198,743.7,100.1,39,13.9
15/07/1988,7,26.8,4.054,739.5,100.2,41,12.4
16/07/1988,7,30,2.902,717.5,100.2,39,12.3
17/07/1988,7,32.3,2.756,716.2,100.1,36,12.7
18/07/1988,7,33.1,2.847,713.7,100,35,13.4
19/07/1988,7,31.9,2.802,707.1,99.8,30,13.3
20/07/1988,7,32.5,3.198,705.7,100.1,35,13.1
21/07/1988,7,32.6,3.248,684.2,100.4,31,13.4
22/07/1988,7,32.9,3.079,670.1,100.1,32,13.2
23/07/1988,7,33,3.034,645.2,100,34,12.6
24/07/1988,7,32.3,3.74,687.8,100.3,37,13.5
25/07/1988,7,32.4,3.663,682.4,100.3,36,13.6
26/07/1988,7,32.7,3.899,688.9,100,35,13.9
27/07/1988,7,33,4.077,701.2,100.1,31,14.9
28/07/1988,7,31.9,3.808,710.8,100.3,31,14.3
29/07/1988,7,31.2,2.852,673.3,100.1,33,12.3
30/07/1988,7,32.1,3.148,680.2,100,33,12.8
31/07/1988,7,28.8,3.243,681.7,100.2,36,11.9
01/08/1988,8,28,3.913,690.9,99.9,35,12.4
02/08/1988,8,28.1,3.599,674.4,99.9,33,12
03/08/1988,8,25.8,3.694,677.2,100.3,45,10.5
04/08/1988,8,27.6,3.271,566.5,100.2,41,9.7
05/08/1988,8,26.6,4.095,667.8,99.9,39,11.2
06/08/1988,8,23.2,3.48,648.9,100.2,46,9.2
07/08/1988,8,24.4,2.893,680,100.2,42,9.7
08/08/1988,8,27.1,3.831,685.6,100.1,33,12
09/08/1988,8,28,3.152,671.3,99.9,32,11.7
10/08/1988,8,27.4,2.542,665.4,99.7,27,11.2
11/08/1988,8,24.8,2.729,653.5,99.8,41,9.4
12/08/1988,8,22.7,3.48,664,100.1,44,9.2
13/08/1988,8,22.2,3.33,666,100.2,42,9.3
14/08/1988,8,22.8,3.28,665,100.1,36,9.9
15/08/1988,8,23,2.838,673.3,100.1,40,9.2
16/08/1988,8,25.7,3.043,664.2,99.9,37,10.4
17/08/1988,8,27.7,3.599,656.8,99.9,31,12
18/08/1988,8,28.1,2.843,656.8,99.8,29,11.5
19/08/1988,8,28.8,2.419,638.5,99.5,30,10.8
20/08/1988,8,27.9,3.011,622.7,99.3,33,10.8
21/08/1988,8,26.6,3.23,626.9,99.6,34,10.7
22/08/1988,8,26.4,3.294,612.9,100,37,10.2
23/08/1988,8,27.8,3.216,603,100.2,37,10.8
24/08/1988,8,29,2.688,491.8,100.3,31,9.8
25/08/1988,8,29.1,2.382,410,100.1,35,8.2
26/08/1988,8,31.8,3.303,554.9,99.6,27,12
27/08/1988,8,31.9,3.517,546.2,99.5,27,12.3
28/08/1988,8,30.9,3.508,560.8,99.7,30,12.3
29/08/1988,8,30.6,3.102,569.7,99.7,31,11.7
30/08/1988,8,32,2.774,556.6,99.3,30,11.1
31/08/1988,8,32,2.683,576,99.4,30,11.5
01/09/1988,9,30.8,3.262,572.8,99.7,32,11.7
02/09/1988,9,30.9,3.098,564.5,100,32,11.5
03/09/1988,9,30.8,2.628,573.1,100,34,10.8
04/09/1988,9,31.7,2.751,536,99.9,36,10.3
05/09/1988,9,31.5,2.82,507.6,99.6,35,10.1
06/09/1988,9,30.7,2.71,515.9,99.7,32,10.3
07/09/1988,9,28.1,2.164,546.7,99.7,27,9.7
08/09/1988,9,26.8,2.966,531.4,99.8,37,9.3
09/09/1988,9,24.4,3.066,504,99.9,42,8
10/09/1988,9,23.6,2.651,559.2,99.8,43,7.9
11/09/1988,9,23.8,2.729,562.3,99.7,38,8.5
12/09/1988,9,23.4,2.943,541,99.9,31,8.8
13/09/1988,9,23.2,3.079,535.3,100.3,34,8.5
14/09/1988,9,24.2,2.829,538,100.2,35,8.6
15/09/1988,9,24.1,3.553,534.3,100,36,8.9
16/09/1988,9,23,3.316,514,100,42,8.1
17/09/1988,9,22.5,3.061,545.3,99.9,33,8.7
18/09/1988,9,21,2.51,543.4,100,30,7.9
19/09/1988,9,22.9,3.366,476.1,99.8,28,8.4
20/09/1988,9,19.1,3.599,473.1,99.6,48,6.5
21/09/1988,9,20.6,2.729,478.8,100.2,44,6.4
22/09/1988,9,20.8,2.501,493.8,100.6,46,6.4
23/09/1988,9,22.6,2.282,496.3,100.2,39,7.1
24/09/1988,9,22.2,2.587,496.1,100.1,38,7.1
25/09/1988,9,19.3,3.02,501.9,100.7,52,6.1
26/09/1988,9,19.6,3.271,499.1,100.9,48,6.6
27/09/1988,9,20.9,3.034,479.6,100.9,45,6.7
28/09/1988,9,22.2,2.401,491.1,100.6,41,6.8
29/09/1988,9,23.7,1.745,487.5,100.4,39,6.6
30/09/1988,9,25.3,1.849,486.4,100.1,32,7.5
01/10/1988,10,24.9,2.979,478.9,100.2,32,8.3
02/10/1988,10,21.4,3.161,461,100.3,46,6.7
03/10/1988,10,22,1.808,455.3,100.2,42,5.7
04/10/1988,10,22.8,2.979,399,100.2,38,6.5
05/10/1988,10,21.5,1.977,427.6,100.2,47,5.3
06/10/1988,10,20.4,1.877,415.8,100.3,52,4.6
07/10/1988,10,19.1,1.913,426.7,100.8,58,4.3
08/10/1988,10,20.9,2.041,435.6,101.1,49,5.1
09/10/1988,10,21.3,2.259,425.8,100.6,44,5.5
10/10/1988,10,22.1,3.339,421.2,100.4,37,7
11/10/1988,10,20.1,3.202,418.7,100.4,47,5.7
12/10/1988,10,18.9,1.758,408.6,100.4,53,4.2
13/10/1988,10,18.6,2.492,309.1,100.4,54,4
14/10/1988,10,17.8,2.05,401.5,100.7,62,3.8
15/10/1988,10,18.5,2.282,392.4,100.8,57,4
16/10/1988,10,21.1,1.608,407.5,100.6,44,4.9
17/10/1988,10,22,1.649,398.2,100.4,39,5.2
18/10/1988,10,22.8,2.46,407.3,100.4,37,6.3
19/10/1988,10,21.6,2.095,384.8,100.2,41,5.2
20/10/1988,10,22.1,1.777,373.6,99.9,39,5.1
22/10/1988,10,20.6,1.945,375.4,100.2,44,4.8
23/10/1988,10,20.8,2.05,377.1,100.1,40,5.1
24/10/1988,10,19.4,1.79,364.5,100.1,44,4.3
25/10/1988,10,19.4,1.995,375.7,100.1,41,4.7
26/10/1988,10,18.7,2.328,358.6,100.1,43,4.6
27/10/1988,10,16.3,1.736,282,99.9,53,3
28/10/1988,10,14.1,1.38,276.4,100.4,67,2.1
29/10/1988,10,15.1,1.731,283.5,100.8,60,2.7
30/10/1988,10,15,1.494,327.8,100.8,58,2.8
31/10/1988,10,16.9,2.091,279,100.4,54,3.2
01/11/1988,11,18,2.314,309.4,100.4,51,3.7
02/11/1988,11,15.5,1.872,309.9,100.7,63,2.7
03/11/1988,11,17.4,1.002,328.2,100.8,53,3
04/11/1988,11,17.5,1.64,321.6,100.9,56,3.3
05/11/1988,11,17.8,1.604,275.9,100.4,56,2.9
06/11/1988,11,16.8,2.724,334.8,100.4,57,3.9
07/11/1988,11,14.1,1.408,214.4,100.3,48,2.6
08/11/1988,11,12.9,0.907,236.9,100.8,55,1.9
09/11/1988,11,13.9,0.902,294.1,100.8,55,2.4
10/11/1988,11,16.3,2.073,251.2,100.6,46,3.4
11/11/1988,11,13.9,0.738,300.3,100.7,60,2.3
12/11/1988,11,13.3,0.934,301.3,100.7,51,2.5
13/11/1988,11,13.7,3.275,140.2,100.2,86,1.6
14/11/1988,11,10.6,1.727,302.1,100.6,66,1.9
15/11/1988,11,10.2,0.724,303.2,101.4,63,1.6
16/11/1988,11,10,0.273,94.7,101.2,76,0.6
17/11/1988,11,9.5,1.667,292.6,100.8,65,1.8
18/11/1988,11,7.3,0.979,296.4,101.2,67,1.4
19/11/1988,11,9,0.574,262.9,101.4,59,1.4
20/11/1988,11,8.2,0.738,295,101.3,61,1.5
21/11/1988,11,10.3,0.715,265.9,101.3,59,1.7
22/11/1988,11,13.4,1.107,188.8,100.9,51,2
23/11/1988,11,11.7,3.749,114.1,100.3,76,2
24/11/1988,11,9.4,1.148,266.3,100.6,57,1.7
25/11/1988,11,8.1,0.688,59.3,100.1,90,0.2
26/11/1988,11,9.4,0.342,72.1,100.9,94,0.3
27/11/1988,11,9.5,0.815,258,101.5,75,1
28/11/1988,11,7.8,0.478,35.1,101.5,97,0.1
29/11/1988,11,9.8,0.597,223.6,101.8,71,1.1
30/11/1988,11,8.5,1.102,255.6,101.5,71,1.1
01/12/1988,12,7.6,0.806,244.6,101.1,78,0.8
02/12/1988,12,8.1,0.342,175.1,101.1,81,0.6
03/12/1988,12,8.1,0.551,158.1,101.4,81,0.5
04/12/1988,12,7.4,0.278,197.3,101.5,81,0.6
05/12/1988,12,7.9,0.419,171.5,101.6,83,0.5
06/12/1988,12,7.7,0.433,170.1,101.5,83,0.5
07/12/1988,12,5.2,0.638,108.2,100.7,94,0.1
08/12/1988,12,5.7,0.273,175,101.1,84,0.4
09/12/1988,12,6,0.478,211.5,100.9,77,0.6
10/12/1988,12,7.8,0.788,243.1,100.8,64,1.2
11/12/1988,12,6.5,1.49,198.4,101.5,75,0.9
12/12/1988,12,8.9,1.385,237.4,101.3,60,1.4
13/12/1988,12,7.1,0.948,198.2,100.8,78,0.7
14/12/1988,12,7.3,1.494,185.6,100.5,79,0.9
15/12/1988,12,5.8,2.82,69.7,100.2,68,1.7
16/12/1988,12,6.6,2.068,42.7,101.1,90,0.4
17/12/1988,12,8,2.068,67.9,101.2,95,0.3
18/12/1988,12,8.2,1.426,152.7,101,87,0.6
19/12/1988,12,8.6,1.298,133,100.7,86,0.6
20/12/1988,12,9.7,2.332,94.8,100.7,78,0.8
21/12/1988,12,6.7,1.931,220.5,101.2,64,1.4
22/12/1988,12,4.5,3.644,51,101.1,85,0.5
23/12/1988,12,4,2,188.6,101.4,69,1.1
24/12/1988,12,8.8,3.763,129,99.9,81,1.2
25/12/1988,12,4.9,1.831,163.5,100.3,72,0.9
26/12/1988,12,2,2.36,167.3,101.4,86,0.5
27/12/1988,12,2.5,1.808,121.1,101.4,76,0.6
28/12/1988,12,3.1,0.989,112,101.2,84,0.3
29/12/1988,12,2.9,1.025,163,101.8,79,0.5
30/12/1988,12,1,2.296,120.2,101.2,89,0.3
31/12/1988,12,6.7,2.191,120.5,100.6,81,0.7
01/01/1989,1,4.2,1.795,94,100.9,85,0.5
02/01/1989,1,3.7,1.517,167.2,101.1,79,0.6
03/01/1989,1,2.1,1.654,90.8,101.1,94,0.1
04/01/1989,1,3.1,2.405,120.6,100.7,95,0.2
05/01/1989,1,5.7,3.831,79.4,100.7,89,0.5
06/01/1989,1,3.8,3.612,261.5,101.3,70,1.5
07/01/1989,1,4.4,3.48,183.8,101.5,71,1.2
08/01/1989,1,0.8,2.196,188.2,102.3,89,0.3
09/01/1989,1,3.8,1.604,207.1,102,69,0.9
10/01/1989,1,5.2,2.537,172.3,101.3,74,0.9
11/01/1989,1,5.4,2.264,130.8,101.8,75,0.9
12/01/1989,1,4,0.97,268.5,102,67,1
13/01/1989,1,5.1,1.859,266.3,101.5,64,1.3
14/01/1989,1,3.4,2.291,108.2,101.6,85,0.5
15/01/1989,1,3.1,1.394,184.8,102,87,0.4
16/01/1989,1,4,1.28,253.6,101.8,73,0.9
17/01/1989,1,3.9,1.399,227.3,101.5,80,0.8
18/01/1989,1,5.2,0.866,261.6,101.3,76,0.9
19/01/1989,1,6.4,1.048,233.4,101,75,0.9
20/01/1989,1,7.3,1.704,230.9,100.9,74,1
21/01/1989,1,7.4,1.266,218.4,100.6,75,0.9
22/01/1989,1,9,1.553,244.9,100.1,65,1.4
23/01/1989,1,8.1,3.057,97.2,100.2,94,0.5
24/01/1989,1,7.7,2.92,263.6,100.6,65,1.7
25/01/1989,1,6.3,1.754,210,101.1,82,0.8
26/01/1989,1,7.1,1.763,307.1,101.1,61,1.7
27/01/1989,1,6.5,1.831,290.5,101.1,62,1.6
28/01/1989,1,6.9,1.471,289.8,101.1,63,1.5
29/01/1989,1,7.7,1.239,281.4,101.2,65,1.4
30/01/1989,1,10.2,1.235,304.4,100.9,52,2
31/01/1989,1,10.9,1.253,289.8,100.4,55,2
01/02/1989,2,7.4,3.298,124.5,100.3,78,1
02/02/1989,2,7,2.282,246.5,100.9,58,1.7
03/02/1989,2,6.8,3.366,84.9,100.9,86,0.8
04/02/1989,2,4.3,3.348,210.6,100.6,78,1.1
05/02/1989,2,0.9,3.275,321.6,101.1,65,1.5
06/02/1989,2,0.9,2.246,296.4,101.4,68,1.3
07/02/1989,2,2.1,2.624,348.6,101.3,47,2
08/02/1989,2,3,1.945,79.8,101,86,0.6
09/02/1989,2,8.9,2.551,171.2,101.2,75,1.2
10/02/1989,2,6.8,3.339,80.5,101.8,94,0.5
11/02/1989,2,6.5,2.319,130.4,101.7,84,0.8
12/02/1989,2,6.5,1.717,181.8,101.1,77,0.9
13/02/1989,2,6.5,2.87,334.1,100.6,68,1.9
14/02/1989,2,6.5,1.722,362.7,101,63,1.9
15/02/1989,2,7.9,1.453,370.7,101.5,52,2.3
16/02/1989,2,9.7,1.617,345.8,101.5,53,2.4
17/02/1989,2,10.3,1.08,327.6,101.3,60,2.1
18/02/1989,2,11.4,1.599,205.4,100.6,69,1.5
19/02/1989,2,12.9,1.922,250.3,100.6,66,2
20/02/1989,2,11.3,1.453,404.7,101.2,64,2.5
21/02/1989,2,13.3,1.695,362.1,101.4,60,2.7
22/02/1989,2,16.2,2.519,304.1,101.1,52,3.4
23/02/1989,2,13.2,2.168,245.7,100.9,72,2
24/02/1989,2,13.6,1.326,166.2,100.9,76,1.2
25/02/1989,2,15.3,1.367,325.3,101,67,2.5
26/02/1989,2,16.2,2.546,371.4,101,67,3.3
27/02/1989,2,13.3,1.686,415.1,100.4,65,2.9
28/02/1989,2,10,3.28,343.9,100.1,65,2.5
01/03/1989,3,10.8,2.182,302.1,100.5,64,2.1
02/03/1989,3,10.7,7.12,420.6,99.4,89,3.1
03/03/1989,3,7.9,4.606,221.4,100.4,62,2.7
04/03/1989,3,8.8,3.038,378.1,101.1,63,2.6
05/03/1989,3,12.9,2.364,396.8,101.4,63,3
06/03/1989,3,15.4,2.578,263.8,100.7,64,2.6
07/03/1989,3,17,2.2,230.7,100.2,76,1.9
08/03/1989,3,18.9,3.057,261.7,100.2,69,2.8
09/03/1989,3,17.9,3.458,325.5,100.5,48,5.1
10/03/1989,3,16.6,3.904,359.1,100.8,59,4.1
11/03/1989,3,18.3,3.43,461.7,101.1,63,4.6
12/03/1989,3,15.4,4.583,503.4,101.1,59,5.3
13/03/1989,3,13,6.286,451.6,101.1,66,4.7
14/03/1989,3,11.3,2.697,406.3,100.9,68,2.8
15/03/1989,3,12.6,2.483,248.2,100.4,64,2.2
16/03/1989,3,10.7,4.255,510.9,100.5,75,3.7
17/03/1989,3,11.1,2.446,395.1,101,55,3.1
18/03/1989,3,14.2,2.706,484.1,101.1,56,4.3
19/03/1989,3,16.2,4.182,368.8,100.9,68,3.7
20/03/1989,3,15.1,2.988,512.5,101,75,3.7
21/03/1989,3,16.3,2.642,520.3,101.1,61,4.5
22/03/1989,3,17,2.651,465.6,100.4,66,3.9
23/03/1989,3,17.7,2.642,331,100.2,55,3.7
24/03/1989,3,15.5,5.722,258,100.4,79,3.4
25/03/1989,3,12.4,4.483,529.1,100,88,3.6
26/03/1989,3,10.8,3.23,560.7,100.3,66,4.2
27/03/1989,3,13.5,2.255,530.2,100.9,64,4
28/03/1989,3,17.4,3.895,586.8,101.2,61,5.9
29/03/1989,3,15,4.692,570.7,101.2,61,5.6
30/03/1989,3,15.9,2.683,561.2,101.2,60,5.2
31/03/1989,3,17,3.858,511.3,100.9,63,5.3
01/04/1989,4,14,6.537,570.9,100.8,51,7.4
02/04/1989,4,16.2,4.601,608.5,101,66,6.1
03/04/1989,4,16.3,6.136,588.4,101.2,56,7.2
04/04/1989,4,17.3,2.451,598.1,101.2,55,5.7
05/04/1989,4,20.9,2.237,577.5,101,50,6.3
06/04/1989,4,22.5,3.275,593.1,100.9,53,7.2
07/04/1989,4,23,2.259,595.6,100.5,47,7.1
08/04/1989,4,23.5,2.665,604.6,100,47,7.6
09/04/1989,4,24.8,2.282,598.1,99.9,40,8.1
10/04/1989,4,24.4,4.032,592.3,100.1,41,9.2
11/04/1989,4,20.6,3.581,611.6,99.9,47,8
12/04/1989,4,21.9,3.622,495.4,99.7,41,7
13/04/1989,4,22.6,3.503,594.6,100.1,49,7.9
14/04/1989,4,20.8,4.209,585,100.3,54,7.4
15/04/1989,4,19.6,3.667,621.8,100.3,54,7.4
16/04/1989,4,21.6,2.515,525.1,100.1,46,6.6
17/04/1989,4,20.6,4.692,633.3,100.4,56,8.1
18/04/1989,4,20.8,3.622,573.8,100.4,51,7.3
19/04/1989,4,22.9,4.018,513.3,100.2,44,8.2
20/04/1989,4,21.9,4.829,510.6,100.1,50,8.1
21/04/1989,4,18.8,5.517,515.6,100.2,49,8
22/04/1989,4,15.4,4.852,654.5,100.4,41,8.2
23/04/1989,4,14.9,4.287,519.2,100.1,48,6.1
24/04/1989,4,12.4,4.938,504.6,100.1,48,5.7
25/04/1989,4,13.4,4.747,477,100.4,53,5.3
26/04/1989,4,14.7,3.321,469.6,100.8,53,5
27/04/1989,4,16,3.808,689.9,100.8,43,7.8
28/04/1989,4,18.1,2.533,680.6,100.4,37,7.9
29/04/1989,4,19.7,2.701,462.9,100.2,33,6.7
30/04/1989,4,19.9,4.209,572.1,100.5,37,8.5
01/05/1989,5,20,4.924,679.2,100.7,47,9.6
02/05/1989,5,22.1,4.888,660.1,100.6,39,10.6
03/05/1989,5,23.3,4.159,675.1,100.5,40,10.5
04/05/1989,5,25.8,3.954,633.5,100.2,41,10.4
05/05/1989,5,27.3,3.303,631.9,100.1,40,10.6
06/05/1989,5,27.8,3.467,576,100.1,41,10.1
07/05/1989,5,27.3,3.858,595.3,100.3,45,10.2
08/05/1989,5,26.5,4.756,653.3,100,33,12.3
09/05/1989,5,17.7,4.273,320.4,99.9,66,4.6
10/05/1989,5,14.5,4.259,350.7,100.4,52,4.7
11/05/1989,5,14.7,3.731,372.1,100.4,60,4.1
12/05/1989,5,18.9,3.899,684.2,100.3,44,8.7
13/05/1989,5,18.2,4.25,659.5,99.9,46,8.3
15/05/1989,5,18.9,2.87,695,99.8,57,7.6
16/05/1989,5,23.2,3.312,707.4,99.9,43,10
17/05/1989,5,23.6,4.091,712.3,100,33,11
18/05/1989,5,19.3,5.753,747.7,100.6,33,11.7
19/05/1989,5,20.2,2.966,745.7,100.5,31,10.1
20/05/1989,5,22.1,3.052,648.4,100.5,27,9.9
21/05/1989,5,19.7,5.289,744.7,100.5,36,11.3
22/05/1989,5,18.5,5.07,688.6,100.5,40,9.9
23/05/1989,5,17.8,7.211,744.2,100.9,42,11.9
24/05/1989,5,17.6,7.047,758.4,100.8,40,11.7
25/05/1989,5,19.5,6.327,755.6,100.5,43,11.7
26/05/1989,5,22.2,4.223,744.2,100.2,35,11.5
27/05/1989,5,21.5,5.64,750.6,100.2,38,12.3
28/05/1989,5,18.3,6.159,711.2,100.4,36,11.4
29/05/1989,5,17.9,6.218,625.3,100.5,44,9.4
30/05/1989,5,20,3.366,752.1,100.4,41,9.8
31/05/1989,5,24,3.407,724.8,100.3,29,11.7
01/06/1989,6,27.2,3.713,754.4,100.3,21,14.2
02/06/1989,6,27.6,2.811,623.8,100.1,26,11.5
03/06/1989,6,25.2,4.519,716.9,99.5,32,12.6
04/06/1989,6,20.1,3.954,608,99.8,51,8
05/06/1989,6,22.2,3.476,629.3,100.3,50,8.6
06/06/1989,6,24,4.346,721.2,100.3,47,11
07/06/1989,6,23.8,5.252,612.5,100,49,10.1
08/06/1989,6,23.9,3.868,720.4,99.9,49,10.2
09/06/1989,6,23.6,5.289,735,99.7,37,12.3
10/06/1989,6,22.9,3.649,733.2,100,44,10.3
11/06/1989,6,22.5,4.779,715.4,100.3,43,11
12/06/1989,6,23.8,3.968,735.9,100.4,42,11.1
13/06/1989,6,26.6,4.373,750.3,100.2,32,13.7
14/06/1989,6,27.6,4.032,761.8,100.1,31,13.7
15/06/1989,6,28.2,5.357,735.9,100.1,42,13.8
16/06/1989,6,26.3,5.626,743.8,100.2,35,14.4
17/06/1989,6,26.6,4.036,763.5,100.2,27,14.1
18/06/1989,6,28.4,4.319,732.5,100.2,26,14.8
19/06/1989,6,26.3,4.979,730.4,100.2,23,14.9
20/06/1989,6,25.4,4.824,689.4,100.1,32,13.2
21/06/1989,6,27.1,2.633,749.5,99.8,27,12.4
22/06/1989,6,30.2,3.016,756.4,99.4,24,14
23/06/1989,6,28.4,3.763,759.4,99.2,29,14.1
24/06/1989,6,24.2,3.868,751.7,99.9,46,11.3
25/06/1989,6,24.2,4.596,718.9,100.3,46,11.3
26/06/1989,6,25.7,4.391,723,100,42,11.9
27/06/1989,6,25.3,3.571,722.5,99.9,40,11.1
28/06/1989,6,22,4.911,744.5,100.3,45,11
29/06/1989,6,21.5,4.615,758.3,100.6,46,10.8
30/06/1989,6,24,5.384,723.9,100.4,45,12
01/07/1989,7,24.4,5.088,741.9,100.3,30,13.6
02/07/1989,7,25.4,4.287,719.8,100.3,28,13
03/07/1989,7,26.9,4.328,744.4,100.3,30,13.7
04/07/1989,7,28,4.569,753.3,100.2,26,15.1
05/07/1989,7,28.9,4.068,745.4,100.3,26,14.8
06/07/1989,7,30.3,3.152,744.3,100.3,26,13.9
07/07/1989,7,32.5,3.69,711.4,100.3,25,15.2
08/07/1989,7,32.2,4.214,664.9,100,21,15.9
09/07/1989,7,27.2,4.578,731,99.8,23,14.8
10/07/1989,7,27.6,4.346,751.1,99.8,31,14
11/07/1989,7,27.3,4.66,722,100.2,34,13.6
12/07/1989,7,26.9,4.697,717.5,100.5,35,13.4
13/07/1989,7,27.5,4.565,731.2,100.4,34,13.7
14/07/1989,7,27.9,5.184,717.6,100.2,28,15.1
15/07/1989,7,25.6,5.316,726.9,100.3,27,14.4
16/07/1989,7,25.8,4.756,750.9,100.5,32,13.6
17/07/1989,7,28.4,3.758,724.8,100.3,39,12.6
18/07/1989,7,31.2,3.995,710.7,100.2,39,13.6
19/07/1989,7,31.2,5.025,704.2,100.1,34,15.3
20/07/1989,7,31,4.104,627.1,99.9,31,13.5
21/07/1989,7,30.9,2.884,561.4,99.8,28,11.4
22/07/1989,7,32,3.494,640.8,100,28,13.4
23/07/1989,7,31.2,4.196,694.7,100.2,31,14.5
24/07/1989,7,30.3,4.396,704.9,100.1,25,15.2
25/07/1989,7,29.7,4.086,722.5,99.9,22,14.9
26/07/1989,7,27.5,4.091,722.2,100.1,26,13.8
27/07/1989,7,28.3,3.758,724,100.1,26,13.6
28/07/1989,7,28.9,4.186,685.6,100,27,13.6
29/07/1989,7,27.2,4.3,647.5,100,32,12.4
30/07/1989,7,26.4,4.838,701.5,100,32,13.2
31/07/1989,7,24.1,5.999,722.3,100.2,29,14.1
01/08/1989,8,24.2,4.856,717.5,100.2,33,12.6
02/08/1989,8,25.8,3.262,719.6,100,24,12.2
03/08/1989,8,27.3,3.102,696,99.9,30,11.6
04/08/1989,8,28.1,3.143,686.2,100,32,11.8
05/08/1989,8,28.8,3.458,685.5,100.2,33,12.4
06/08/1989,8,28.9,4.123,629.1,100.2,33,12.8
07/08/1989,8,29.2,3.458,496.3,100,34,10.4
08/08/1989,8,29.2,3.294,470.2,99.8,46,9
09/08/1989,8,29.9,4.209,675.1,99.8,35,12.8
10/08/1989,8,29.4,4.478,635.6,100.1,31,13.3
11/08/1989,8,27.9,4.132,673.8,100.2,28,13.3
12/08/1989,8,27.9,4.464,686.4,100.2,28,13.7
13/08/1989,8,27.9,3.567,687.4,100.2,29,12.6
18/08/1989,8,24.8,3.316,648.8,100,43,9.6
19/08/1989,8,26.1,3.508,649.7,100,38,10.5
20/08/1989,8,25,3.608,497.8,99.8,38,8.5
21/08/1989,8,24.8,3.029,625.9,100,47,8.9
22/08/1989,8,25.7,4.355,635.3,100.1,42,10.4
23/08/1989,8,23.3,5.466,595.9,100.2,53,9.5
24/08/1989,8,23.7,2.323,634.7,100,39,8.7
25/08/1989,8,24.8,2.715,646.1,99.7,28,10.2
26/08/1989,8,25.4,3.444,636.1,99.8,31,10.7
27/08/1989,8,25.3,3.549,633,100.1,35,10.5
28/08/1989,8,26.8,2.975,618.5,100.1,32,10.4
29/08/1989,8,24.7,4.533,598.2,99.9,38,10.3
30/08/1989,8,21.2,4.155,622.1,100,44,8.9
31/08/1989,8,23.3,2.679,616.2,99.9,36,8.9
01/09/1989,9,25.6,3.093,576.8,100,29,10
02/09/1989,9,26.7,2.934,602.5,100.2,28,10.8
03/09/1989,9,27,2.838,607.9,100.1,30,10.6
04/09/1989,9,27.4,2.569,610.7,100,28,10.4
05/09/1989,9,27.7,2.724,596.6,100,27,10.5
06/09/1989,9,25.9,3.558,592.3,99.6,27,10.7
07/09/1989,9,20.7,3.098,587.4,99.9,47,7.6
08/09/1989,9,23.7,2.66,568.4,100.1,34,8.6
09/09/1989,9,24.4,3.74,562.6,100.1,35,9.5
10/09/1989,9,23.4,3.731,570,100,38,9.1
11/09/1989,9,22.7,3.312,577.5,99.8,46,8.1
12/09/1989,9,24.3,2.469,536.6,100,44,7.5
13/09/1989,9,26.9,2.669,553.7,100.1,32,9.4
14/09/1989,9,28,2.806,553.7,100.1,27,10.2
15/09/1989,9,28.7,2.815,528.1,100,32,9.8
16/09/1989,9,21.6,3.289,245.2,99.7,58,3.9
17/09/1989,9,19.1,2.829,534.2,100,59,5.5
18/09/1989,9,15.9,3.075,162.3,100.1,70,2.4
19/09/1989,9,16.4,2.228,494.5,100.1,69,4.1
20/09/1989,9,20.3,2.319,523.5,100.4,52,5.8
21/09/1989,9,22.1,1.954,518.1,100.2,56,5.7
22/09/1989,9,24.4,2.036,503.1,99.9,56,6.1
23/09/1989,9,26.5,2.915,513.1,99.9,43,7.9
24/09/1989,9,22.5,2.961,472.4,100.1,55,6.2
25/09/1989,9,22.4,2.578,498.7,100.3,50,6.6
26/09/1989,9,22.5,2.761,485.7,100.3,51,6.4
27/09/1989,9,21.5,2.756,476.5,100.1,56,5.9
28/09/1989,9,20.2,2.496,226.9,100.3,60,3.3
29/09/1989,9,20.4,3.198,432.2,100.5,70,4.6
30/09/1989,9,19.4,4.086,442,100.6,60,5.6
01/10/1989,10,19.1,2.136,478.3,100.1,60,4.8
02/10/1989,10,17.2,3.116,422.8,99.9,56,4.7
03/10/1989,10,16.4,2.196,434.4,100.5,63,3.9
04/10/1989,10,17.6,1.581,463.8,100.4,49,4.5
05/10/1989,10,19.5,2.237,473.5,100.2,42,5.6
06/10/1989,10,20.9,2.802,451.8,100.6,37,6.4
07/10/1989,10,20.9,2.533,441.4,100.8,41,5.9
08/10/1989,10,21.4,2.761,449.4,100.7,40,6.3
09/10/1989,10,22.4,2.387,442.6,100.6,40,6.2
10/10/1989,10,21.9,2.282,421.3,100.4,44,5.8
11/10/1989,10,21.8,2.023,448.6,100.4,28,6.5
12/10/1989,10,21.9,2.428,415.6,100.4,40,5.9
13/10/1989,10,20.2,2.278,395.7,100.4,46,5.2
14/10/1989,10,19,2.428,389.4,100.2,49,4.8
15/10/1989,10,17.3,2.761,393.6,100.3,55,4.3
16/10/1989,10,17.9,2.114,393.3,100.3,54,4.1
17/10/1989,10,19.8,1.772,395.1,100.5,46,4.5
18/10/1989,10,21.2,2.1,397.4,100.7,40,5.2
19/10/1989,10,21.6,2.451,392,100.4,36,6.1
20/10/1989,10,21.3,3.394,350.3,100.1,28,7
21/10/1989,10,18,3.243,160.2,100.5,70,2.8
22/10/1989,10,19.5,2.692,316,100.7,63,3.6
23/10/1989,10,19.3,4.205,239.6,100.7,55,4.7
24/10/1989,10,16.6,3.526,272,100.7,73,2.3
25/10/1989,10,13.2,3.417,353.6,100.7,69,2.7
26/10/1989,10,11.7,2.004,378.2,101.2,58,2.6
27/10/1989,10,12.9,2.884,372.3,101,62,2.9
28/10/1989,10,11.8,2.765,282.4,100.9,78,1.9
29/10/1989,10,12.4,1.95,361.7,101,55,2.8
30/10/1989,10,12.7,2.114,363,101,46,3.3
31/10/1989,10,12.3,1.658,354.1,100.7,49,2.9
01/11/1989,11,12.9,1.9,348.3,101,47,3.1
02/11/1989,11,12.7,1.563,342.6,101,48,2.8
03/11/1989,11,13.1,1.69,329.5,100.7,43,3.1
04/11/1989,11,13.9,2.105,329.6,100.4,41,3.5
05/11/1989,11,14.8,2.601,315.5,100.3,42,3.6
06/11/1989,11,13.5,2.478,310.4,100.7,66,2.4
07/11/1989,11,12.4,2.2,277.7,100.7,65,2.2
08/11/1989,11,12.8,1.799,294.5,100.9,59,2.3
09/11/1989,11,12.6,1.499,297.2,101,57,2.2
10/11/1989,11,13.6,1.057,292.2,100.6,54,2.2
11/11/1989,11,14.3,1.704,261.2,100.3,53,2.5
13/11/1989,11,13.9,1.553,265.6,100.6,65,1.9
14/11/1989,11,10.6,1.727,198.8,100.8,85,0.8
15/11/1989,11,10.8,2.164,155.3,101.1,84,0.8
16/11/1989,11,9,1.54,146.9,100.8,93,0.3
17/11/1989,11,11,1.13,259.2,100.2,69,1.4
18/11/1989,11,13.3,1.025,280.2,100.7,51,2.2
19/11/1989,11,13,1.658,286.2,100.9,47,2.6
20/11/1989,11,13,1.745,272.5,100.6,50,2.6
21/11/1989,11,12.4,1.098,242.5,100.8,55,1.9
22/11/1989,11,12.3,1.722,223.5,100.7,58,1.9
23/11/1989,11,10.6,1.758,228.1,100.6,73,1.4
24/11/1989,11,11.6,1.822,149.9,100.3,73,1.1
25/11/1989,11,11.5,3.663,87.4,100.2,79,0.9
26/11/1989,11,10.7,3.617,234,101.1,60,2.3
27/11/1989,11,6.8,1.048,263.5,101.3,71,1
28/11/1989,11,7.5,1.367,280.3,101.5,55,1.6
29/11/1989,11,8.3,1.266,264.5,101.2,47,1.7
30/11/1989,11,8.2,1.699,262.9,101.4,53,1.7
01/12/1989,12,6.8,2.127,256.4,101.5,66,1.4
02/12/1989,12,8,1.863,267.6,101.6,61,1.7
03/12/1989,12,8.6,2.004,256.2,101.5,56,1.7
04/12/1989,12,8.4,1.781,229.6,101.2,63,1.3
05/12/1989,12,9.2,1.257,220.6,101,64,1.3
06/12/1989,12,10.1,1.886,201.2,101,67,1.4
07/12/1989,12,9.6,1.622,219.6,101,66,1.2
08/12/1989,12,10.3,2.355,236.6,101,62,1.5
09/12/1989,12,7.1,0.993,72.4,100.9,99,0
10/12/1989,12,6,1.859,85.7,101,100,0.1
11/12/1989,12,7.1,1.599,169.7,101.4,74,0.9
12/12/1989,12,4.7,1.221,228.5,101.3,66,0.9
13/12/1989,12,5.3,1.758,236.8,100.9,62,1.3
14/12/1989,12,5.2,1.982,234.4,101.1,63,1.2
15/12/1989,12,6.4,1.389,219.1,100.7,55,1.3
16/12/1989,12,5.9,0.897,226,100.2,58,1.1
17/12/1989,12,6.3,1.412,229.5,100.1,60,1.3
18/12/1989,12,2.7,0.966,146.2,100.3,90,0.3
19/12/1989,12,4.5,0.729,200.6,101.1,78,0.6
20/12/1989,12,3.2,1.758,190.1,101.3,83,0.5
21/12/1989,12,3.5,1.121,55.8,101.4,100,0
22/12/1989,12,3.1,1.38,80.6,101.8,98,0
23/12/1989,12,3,1.367,116.6,101.8,96,0.1
24/12/1989,12,2.6,1.112,93.5,101.6,93,0.1
25/12/1989,12,2.5,1.335,146,101.3,89,0.3
26/12/1989,12,2.9,0.797,126,101,89,0.2
27/12/1989,12,4.8,1.813,195.5,100.7,70,0.8
28/12/1989,12,5.2,2.187,97.9,100.6,89,0.3
29/12/1989,12,4.3,2.592,113.1,100.7,97,0.2
30/12/1989,12,5.2,1.74,223.2,101,67,1
31/12/1989,12,6.4,1.859,217.5,101.1,59,1.3
01/01/1990,1,5.6,2.25,91.4,100.6,78,0.7
02/01/1990,1,6.2,3.585,108.4,100.6,86,0.6
03/01/1990,1,5.2,2.045,250.9,101.4,67,1.2
04/01/1990,1,4.1,1.43,222.6,101.8,73,0.8
05/01/1990,1,4.1,1.485,228.3,101.8,77,0.8
06/01/1990,1,5,1.216,229.4,101.6,72,0.9
07/01/1990,1,8.8,1.845,209.1,101.6,63,1.5
08/01/1990,1,9.4,1.444,215.9,101.3,63,1.4
09/01/1990,1,9.3,1.954,253.9,101.1,63,1.5
10/01/1990,1,9.5,2.1,217.9,100.9,68,1.3
11/01/1990,1,11.6,2.31,222.8,100.4,61,1.7
12/01/1990,1,12.5,3.284,113.9,100.2,67,1.3
13/01/1990,1,12.5,4.856,143.9,100.2,88,1.2
14/01/1990,1,10.6,3.453,131.3,100.4,83,0.9
15/01/1990,1,9.8,1.289,151.2,100.8,82,0.6
16/01/1990,1,7,2.214,87.4,100.2,94,0.2
17/01/1990,1,3.8,2.237,124.8,100.3,88,0.3
18/01/1990,1,4.5,2.004,227.8,100.7,73,0.9
19/01/1990,1,6.2,1.553,258.4,100.5,67,1.2
20/01/1990,1,4.5,2.255,232.5,101.2,84,0.7
21/01/1990,1,5.6,1.758,265,101.2,76,0.9
22/01/1990,1,3.7,1.412,199.7,101,93,0.3
23/01/1990,1,3.2,1.485,124.7,101.2,99,0
24/01/1990,1,3.8,1.581,111.3,101.3,96,0.1
25/01/1990,1,5.4,1.362,211,101.2,80,0.7
26/01/1990,1,7.2,4.004,263.6,100.9,64,2.1
27/01/1990,1,5.5,2.004,273.5,101.5,64,1.5
28/01/1990,1,6.5,1.645,289.3,101.5,62,1.5
29/01/1990,1,7.8,2.337,318.7,100.8,64,1.8
30/01/1990,1,8.6,2.888,164.7,99.7,77,1.2
31/01/1990,1,8.4,1.799,261.2,100.2,69,1.5
02/02/1990,2,6,2.223,259.8,101.4,83,1
03/02/1990,2,9.7,2.975,265.4,101,56,2.5
04/02/1990,2,7.7,4.141,153.3,100.8,78,1.3
05/02/1990,2,7,2.004,316.1,101.3,64,1.7
06/02/1990,2,7.4,2.41,128.4,101,82,0.8
07/02/1990,2,5.9,3.863,368.5,101.1,61,2.4
08/02/1990,2,5.5,2.346,337.2,101.2,62,1.8
09/02/1990,2,8.7,2.182,329.2,101.6,58,2.3
10/02/1990,2,8.8,1.59,339.8,101.5,63,1.9
11/02/1990,2,10.2,2.027,253.1,100.8,69,1.6
12/02/1990,2,11.9,3.412,334.4,100.3,69,3
13/02/1990,2,6.2,7.261,399.6,100.5,45,5.1
14/02/1990,2,3.1,5.006,401.6,100.5,41,3.8
15/02/1990,2,2.5,2.961,374.3,101,39,2.8
16/02/1990,2,6.2,5.854,131,100.2,42,3.6
17/02/1990,2,7.5,4.305,203.1,100.2,80,1.3
18/02/1990,2,5.3,3.171,255.2,100.7,78,1.4
19/02/1990,2,4.8,3.011,351.2,101.3,73,1.7
20/02/1990,2,6.7,2.451,274.2,101.6,61,1.9
21/02/1990,2,8.5,1.485,256,101.4,69,1.5
22/02/1990,2,9.9,1.549,409.9,101.3,59,2.5
23/02/1990,2,11.9,2.642,362.9,101.3,59,2.8
24/02/1990,2,12.9,1.931,330.2,101.1,62,2.4
25/02/1990,2,14.1,2.045,357.1,100.8,63,2.8
26/02/1990,2,14.9,1.931,398.4,100.7,59,3.2
27/02/1990,2,14.2,2.032,385.7,100.9,67,2.8
28/02/1990,2,14.7,1.676,392.8,100.9,65,2.8
01/03/1990,3,13.1,1.699,170.9,100.8,78,1.2
02/03/1990,3,13.1,1.604,167.6,100.9,80,1.1
03/03/1990,3,14.2,1.658,262.9,100.8,73,1.8
04/03/1990,3,11.8,3.767,340.8,100.3,73,2.4
05/03/1990,3,9.3,3.294,265.9,100.8,69,2.1
06/03/1990,3,11.9,2.36,464.7,101.1,56,3.6
07/03/1990,3,12.9,3.061,419.9,100.5,56,3.7
08/03/1990,3,11.7,5.594,381.3,100.3,66,4
09/03/1990,3,11.7,2.578,418.6,100.3,62,3.3
10/03/1990,3,10.8,2.847,203.1,100.2,72,1.6
11/03/1990,3,7.8,3.827,356.6,100.4,61,2.7
12/03/1990,3,7,2.164,339.6,100.8,63,2
13/03/1990,3,8,2.182,487.5,101.3,53,3.2
14/03/1990,3,9.7,2.533,465.3,101.3,56,3.4
15/03/1990,3,11.1,2.346,350.7,100.9,72,2.2
16/03/1990,3,15.9,1.508,405.3,100.8,48,3.7
17/03/1990,3,18,2.533,504,100.7,45,5.6
18/03/1990,3,16.7,2.064,508.8,100.7,54,4.6
19/03/1990,3,16.6,2.31,276.3,101,60,3.1
20/03/1990,3,18.1,2.378,507.7,100.9,52,5.2
21/03/1990,3,18,1.972,514.4,100.7,52,4.9
22/03/1990,3,17.9,2.606,464,100.6,54,4.8
23/03/1990,3,17.2,2.865,541.9,100.6,56,5.3
24/03/1990,3,17.4,2.164,533.4,100.3,54,5
25/03/1990,3,16.4,4.524,560.4,100.6,50,6.4
26/03/1990,3,14.6,3.576,560.5,100.5,55,5.6
27/03/1990,3,15.7,2.697,561.5,100.2,49,5.6
28/03/1990,3,14,2.843,500.3,100.1,61,4.3
29/03/1990,3,15.6,2.606,538.3,100.1,48,5.5
30/03/1990,3,16.3,2.323,562.5,100.1,49,5.7
31/03/1990,3,16.8,2.205,572.1,100.2,45,5.8
01/04/1990,4,17.5,3.23,576.8,100.3,41,6.9
02/04/1990,4,17.2,2.3,583.7,100.6,43,6.4
03/04/1990,4,20.5,2.396,564.6,100.3,35,7.4
04/04/1990,4,19.7,2.984,484.1,100.1,39,6.8
05/04/1990,4,18.9,2.351,538.5,100.2,41,6.6
06/04/1990,4,17.1,3.681,523.4,100.4,59,5.5
07/04/1990,4,13.8,3.781,275.9,100.5,73,2.7
08/04/1990,4,16,4.077,505.7,100.8,54,5.7
09/04/1990,4,17.2,2.583,612.6,101.1,50,6.3
10/04/1990,4,20.3,3.389,554.7,101,43,7.5
11/04/1990,4,21,5.102,638,100.7,34,10.9
12/04/1990,4,20.8,2.519,586.3,100.4,43,7.4
13/04/1990,4,23.2,1.977,568,100.2,38,7.4
14/04/1990,4,23.2,2.537,510.1,100.1,41,7.1
15/04/1990,4,18.8,2.587,561.4,100,54,6.2
16/04/1990,4,15.2,3.571,293.8,99.8,76,2.9
17/04/1990,4,17.4,2.966,548.1,100.1,57,5.6
18/04/1990,4,18.6,3.029,549.6,100.2,56,5.9
19/04/1990,4,18.2,4.683,552.9,100.4,54,6.5
20/04/1990,4,18.3,3.549,465.2,100.5,57,5.5
21/04/1990,4,18.6,4.155,657,100.2,48,8.1
22/04/1990,4,17.7,4.965,600.3,100.2,52,7.2
23/04/1990,4,16.1,4.118,450.3,100,78,3.8
24/04/1990,4,15.8,4.186,526.9,100.2,57,5.8
25/04/1990,4,19,1.74,624.5,100.6,48,6.2
26/04/1990,4,21.3,3.152,667.9,100.4,50,8.4
27/04/1990,4,23.2,2.592,646.3,100.2,45,8.5
28/04/1990,4,22.3,5.931,649.2,100,42,11.2
29/04/1990,4,17.1,6.692,723.1,99.9,28,11.9
30/04/1990,4,16.2,2.1,656.1,99.9,43,6.7
01/05/1990,5,19.4,1.667,711.8,99.9,31,8.2
02/05/1990,5,21.7,2.824,694.8,99.9,30,9.8
03/05/1990,5,25,2.87,700.9,100.2,30,11.1
05/05/1990,5,28,3.093,704.9,100.3,25,12.6
06/05/1990,5,26.9,3.417,717.4,100,27,12.8
07/05/1990,5,23.5,4.291,736.4,99.7,24,13.2
08/05/1990,5,22.9,2.669,716.9,99.9,25,10.7
09/05/1990,5,20.2,3.48,691.4,100,37,9.3
10/05/1990,5,16.3,3.307,397.3,100.2,51,5
11/05/1990,5,18.7,3.266,695.6,100.1,44,8.2
12/05/1990,5,19.7,3.767,704.2,100.2,37,9.5
13/05/1990,5,20.2,2.993,630,100,35,8.8
14/05/1990,5,20.1,4.492,731.3,99.9,32,10.8
15/05/1990,5,18.9,3.667,729.2,100.3,40,9.3
16/05/1990,5,22.5,2.902,641.5,100.3,31,9.4
17/05/1990,5,20.2,5.189,709.3,100.1,31,11.4
18/05/1990,5,17.2,4.546,716.9,100.3,38,9
19/05/1990,5,16.5,5.94,705.7,100.3,40,9.7
20/05/1990,5,19.8,4.555,742.7,100.5,38,10.2
21/05/1990,5,21.2,4.391,577.7,100.5,45,8.3
22/05/1990,5,21.9,3.412,724.3,100.4,47,9.5
23/05/1990,5,16.6,3.991,399.6,100,71,3.9
24/05/1990,5,16.4,4.71,762.7,100.5,48,9.1
25/05/1990,5,19.4,3.453,696.5,100.3,39,9.1
26/05/1990,5,20,4.774,621.3,100.3,47,9.1
27/05/1990,5,16.6,3.562,183.9,99.9,82,2
28/05/1990,5,16.3,4.934,494.8,99.7,70,4.9
29/05/1990,5,18,3.968,719.9,100.3,57,8
30/05/1990,5,18.5,4.624,599.2,100.3,53,7.7
31/05/1990,5,17.3,5.99,570.9,100.4,48,8.2
01/06/1990,6,18,4.264,744.2,100.6,47,9.3
02/06/1990,6,22.1,3.075,760.9,100.6,38,10.5
03/06/1990,6,23.6,5.139,722.6,100.7,38,12
04/06/1990,6,24,4.961,760.9,100.3,39,12.6
05/06/1990,6,24.1,5.193,769,100,38,13.1
06/06/1990,6,24.7,7.084,749.4,100.3,45,13.9
07/06/1990,6,24.1,4.829,762.9,100.3,44,12.1
08/06/1990,6,27.7,2.3,737.6,100,39,11.1
09/06/1990,6,27.8,3.421,503.5,99.6,38,9.6
10/06/1990,6,25.7,5.831,713.2,100.1,34,14.5
11/06/1990,6,23.3,4.405,774.3,100.4,30,13.1
12/06/1990,6,23.5,5.384,788.6,100.1,30,14.3
13/06/1990,6,20.4,5.772,776.3,99.7,37,12.4
14/06/1990,6,19.3,3.858,742.6,100.1,41,9.8
15/06/1990,6,20.3,3.394,640.4,100.2,50,8.1
16/06/1990,6,22.7,4.35,756.1,100.2,45,11.2
17/06/1990,6,24.8,4.022,762.8,100,34,12.5
18/06/1990,6,22.9,4.742,775.4,100.5,35,12.6
19/06/1990,6,26,2.068,766.1,100.3,36,10.9
20/06/1990,6,30.6,3.171,757.2,99.8,29,13.8
21/06/1990,6,30.7,2.952,747.8,99.6,31,13.4
22/06/1990,6,26.5,4.223,758.7,100,34,13.2
23/06/1990,6,26.3,3.64,765.2,100,40,12.1
24/06/1990,6,27.3,4.451,761,100.2,37,13.6
25/06/1990,6,27.2,4.378,769.9,100.4,29,14.6
26/06/1990,6,27.8,3.407,773.3,100.4,26,14.1
27/06/1990,6,26.8,5.58,783.7,100.2,25,16.1
28/06/1990,6,26,3.603,773.9,99.9,38,12.4
29/06/1990,6,28.8,3.476,758.3,99.9,35,13.2
30/06/1990,6,29.2,3.389,674.9,100.1,35,12.5
01/07/1990,7,29,4.369,698.7,100.1,27,14.7
02/07/1990,7,26.7,5.339,734.2,100.1,23,15.5
03/07/1990,7,26.3,3.43,763.6,99.9,33,12.6
04/07/1990,7,24.6,4.815,761.9,100.3,33,13.4
05/07/1990,7,25.2,5.139,763.6,100.3,39,13.2
06/07/1990,7,25.3,5.052,762.8,100,47,12.5
07/07/1990,7,26.8,3.421,762.2,99.7,34,12.7
08/07/1990,7,27.3,3.927,749.1,99.8,38,12.8
09/07/1990,7,28,3.854,742.3,100.1,39,12.8
10/07/1990,7,30.3,3.025,628.6,100.2,35,11.8
11/07/1990,7,31.3,2.633,405.7,100.1,38,9.1
12/07/1990,7,33.8,3.535,619.9,100.1,31,14
13/07/1990,7,34.9,3.571,689.4,100.1,31,15.3
14/07/1990,7,33.9,3.858,723.7,99.6,34,15.2
15/07/1990,7,31.8,2.934,675,99.5,36,12.5
16/07/1990,7,29.4,3.813,691.7,100,36,12.4
17/07/1990,7,28.9,4.186,696.2,100.3,38,12.8
18/07/1990,7,30.2,4.15,701.2,100.1,36,13.7
19/07/1990,7,31,4.36,716.9,99.9,34,14.8
20/07/1990,7,31.9,3.927,719.4,99.9,34,14.7
21/07/1990,7,32.7,4.141,729.3,99.9,30,15.6
22/07/1990,7,31.2,3.644,732.2,99.9,29,14.5
23/07/1990,7,28.5,3.991,722.4,99.7,35,12.8
24/07/1990,7,25.7,3.963,734.9,99.7,31,12.3
25/07/1990,7,24.9,3.754,728,100,36,11.5
26/07/1990,7,26.2,2.902,732.3,100.3,31,11.7
27/07/1990,7,28.5,2.943,713.9,100.2,31,12.2
28/07/1990,7,29.7,3.307,707.6,100,32,12.7
29/07/1990,7,29.8,3.708,709,100.1,35,13
30/07/1990,7,29.8,3.59,703.8,100.1,36,12.9
31/07/1990,7,29.4,3.266,699.7,100,37,12.1
01/08/1990,8,29.2,3.048,706.4,99.8,36,11.9
02/08/1990,8,29.1,3.366,686.9,100,40,11.6
03/08/1990,8,29,3.854,674.2,100.2,37,12.1
04/08/1990,8,29.4,3.458,694,100.2,38,12
05/08/1990,8,31.1,2.915,636.5,100.1,41,11.3
06/08/1990,8,33.4,2.865,643,100,34,12.3
07/08/1990,8,34.9,3.262,640.2,100,29,13.7
08/08/1990,8,33.7,3.59,570.8,100,34,12.6
09/08/1990,8,33.8,3.544,602.1,99.9,37,12.9
10/08/1990,8,32.6,3.417,543.9,100,41,11.7
11/08/1990,8,31.9,3.13,533.9,100,35,11.7
12/08/1990,8,31.3,3.553,640.4,100.1,32,12.9
13/08/1990,8,29.5,3.353,643.9,100,36,11.6
14/08/1990,8,26.4,4.396,606.7,99.9,34,11.3
15/08/1990,8,23.2,4.373,654.9,100.2,47,9.8
16/08/1990,8,24,4.833,673.5,100.4,44,10.7
17/08/1990,8,24.8,4.929,659.8,100.2,47,10.7
18/08/1990,8,21.9,5.353,404.6,100.3,50,7.5
19/08/1990,8,21.8,3.986,643.4,100.1,50,8.7
20/08/1990,8,23.7,2.469,629.1,100.1,42,8.4
21/08/1990,8,24.3,3.489,639.7,100.5,46,9.3
22/08/1990,8,26.3,2.824,635.8,100.3,38,10
23/08/1990,8,27.4,2.61,632.4,99.8,35,10.2
24/08/1990,8,22.9,5.034,653.3,100,35,10.9
25/08/1990,8,20.2,4.022,637.4,100.4,46,8.5
26/08/1990,8,21.5,2.086,621.6,100.6,48,7.3
27/08/1990,8,23.5,3.503,618.7,100.6,43,9.1
28/08/1990,8,25,2.865,618.4,100.5,44,9
29/08/1990,8,26.5,4.018,614.3,100.4,38,10.8
30/08/1990,8,24.6,6.232,621,100.4,41,12.1
31/08/1990,8,24.2,3.553,627.1,100.2,39,9.9
01/09/1990,9,25.7,2.515,614.3,100.1,33,9.6
02/09/1990,9,26,3.079,613.6,100.1,34,10.2
03/09/1990,9,25.5,3.881,609.5,100.1,33,10.9
04/09/1990,9,25.3,2.984,598.9,100.3,35,9.7
05/09/1990,9,26.2,2.811,592.4,100.3,38,9.3
06/09/1990,9,26.5,3.726,572.4,100.4,33,10.7
07/09/1990,9,26.1,3.612,584.3,100.5,33,10.7
08/09/1990,9,25.5,2.92,585.4,100.3,31,9.9
09/09/1990,9,26.2,2.114,576.8,100.1,33,8.9
10/09/1990,9,28.2,2.747,571.8,100,33,10
11/09/1990,9,26.6,3.749,559.3,100.2,36,10.4
12/09/1990,9,26.1,3.412,571.5,100.2,32,10.3
14/09/1990,9,22.8,4.651,559.8,100.4,42,9.6
15/09/1990,9,22.5,4.387,554.5,100.3,41,9.3
16/09/1990,9,22.5,2.455,556.3,100,37,7.8
17/09/1990,9,23.3,2.423,456.1,99.8,35,7.1
18/09/1990,9,22.6,2.888,503.3,100.1,47,6.9
19/09/1990,9,22.1,2.587,440.4,100,50,6.1
20/09/1990,9,24.3,1.936,496.1,99.7,45,6.8
21/09/1990,9,24.6,3.904,314.1,100,40,7
22/09/1990,9,22.2,3.508,431.4,100.4,55,6
23/09/1990,9,20.2,3.002,355.4,100.5,69,4.2
24/09/1990,9,22,2.833,490.2,100.5,52,6.4
25/09/1990,9,21.7,3.271,473.9,100.5,54,6.3
26/09/1990,9,21.6,3.307,472.1,100.5,54,6.4
27/09/1990,9,21.7,3.617,482.4,100.2,50,7
28/09/1990,9,22.5,1.508,474.8,100.1,46,5.8
29/09/1990,9,24.3,1.654,472.1,100.1,39,6.5
30/09/1990,9,25.5,1.599,480.6,100.2,33,7.2
01/10/1990,10,25.9,1.991,466,100.1,32,7.5
02/10/1990,10,23,3.098,474.2,99.9,44,7.4
03/10/1990,10,23.3,1.663,461.5,100.3,37,6.5
04/10/1990,10,26.9,3.12,469.9,100.4,28,9
05/10/1990,10,23.2,3.38,432.6,100.3,45,6.8
06/10/1990,10,20.1,2.938,452.4,100.2,49,5.9
07/10/1990,10,17.9,2.783,467.8,100.5,29,6.6
08/10/1990,10,18.4,1.859,457.8,100.9,30,5.8
09/10/1990,10,20.2,1.59,464.3,101,25,6.2
10/10/1990,10,19.5,1.808,458.6,100.4,26,6.2
11/10/1990,10,19.6,1.426,430.6,100.3,27,5.7
12/10/1990,10,20,1.49,426.7,100.4,26,5.7
13/10/1990,10,19.6,2.018,428.1,100.2,30,5.8
14/10/1990,10,20,1.271,420.5,100.2,35,5
15/10/1990,10,20.4,2.114,414.5,100.1,33,5.8
16/10/1990,10,19.8,2.464,415.2,100.1,43,5.5
17/10/1990,10,19.7,1.339,416.4,100.3,42,4.8
18/10/1990,10,20.3,3.617,275.2,100.4,29,6.3
19/10/1990,10,17.1,4.61,284.4,100.3,61,4.5
20/10/1990,10,15.3,1.859,387.7,100.8,45,3.9
21/10/1990,10,17.4,1.075,393.4,100.8,35,4.3
22/10/1990,10,17.6,1.098,378.9,100.4,31,4.4
23/10/1990,10,18.2,1.558,376.7,100.5,36,4.6
24/10/1990,10,19.6,1.157,381.9,100.6,34,4.6
25/10/1990,10,20.1,1.881,319.2,100.6,32,4.9
26/10/1990,10,17.9,1.358,283.4,100.6,46,3.3
27/10/1990,10,19,1.002,368,100.6,34,4.2
28/10/1990,10,18,1.221,358.7,100.6,41,3.9
29/10/1990,10,17.6,2.273,325.9,100.5,47,4.2
30/10/1990,10,15.8,1.367,339.2,100.5,51,3.2
31/10/1990,10,14.9,2.984,176.2,100.6,63,2.4
01/11/1990,11,11.5,3.758,360.7,100.6,56,3.8
02/11/1990,11,10.5,1.768,346.2,100.7,46,3.2
03/11/1990,11,11.3,1.626,343.4,101.1,36,3.4
04/11/1990,11,12.8,1.262,345.5,101.2,30,3.6
05/11/1990,11,13.3,2.665,334.4,100.4,31,4.6
06/11/1990,11,10.7,1.535,327.8,100.4,36,3.2
07/11/1990,11,10.5,1.64,320.4,101.1,36,3.2
08/11/1990,11,12.3,1.408,314.4,101.4,29,3.6
09/11/1990,11,13.1,1.175,318.7,101.2,29,3.5
10/11/1990,11,13.5,1.016,317.9,101,32,3.3
11/11/1990,11,14.2,1.522,269.1,100.9,36,3.3
12/11/1990,11,15.1,1.335,308.5,100.9,38,3.4
13/11/1990,11,15.8,1.918,268,100.3,30,4.1
14/11/1990,11,13.1,3.549,253.7,100.4,59,3.3
15/11/1990,11,12.3,1.727,137.4,100.9,77,1.1
16/11/1990,11,13.9,1.389,202.2,100.9,64,1.9
17/11/1990,11,14.8,0.948,242.6,100.8,57,2.2
18/11/1990,11,13.5,1.736,203.7,100.4,59,2.3
19/11/1990,11,13.9,1.699,158.1,99.9,57,2.3
20/11/1990,11,9.5,4.309,257.1,100.5,56,2.9
21/11/1990,11,8.1,1.052,273.4,101.1,47,1.9
22/11/1990,11,8.8,0.77,278.7,101.6,53,1.8
23/11/1990,11,8.9,1.153,274.2,101.2,47,2
24/11/1990,11,9.1,0.884,275.8,100.6,55,1.8
25/11/1990,11,10.4,2.273,257,100.3,47,2.3
26/11/1990,11,6.5,4.177,209.6,100.5,72,1.7
27/11/1990,11,5.7,1.499,263.5,101.2,64,1.3
28/11/1990,11,6.9,0.733,250.5,101.6,61,1.2
29/11/1990,11,8.3,0.679,234.4,101.4,55,1.4
30/11/1990,11,8.6,1.444,244.5,101.1,55,1.7
01/12/1990,12,6.9,1.143,233.2,101.3,61,1.2
02/12/1990,12,5.7,1.38,209.6,101.7,55,1.3
03/12/1990,12,6.6,0.952,218.2,101.5,57,1.2
04/12/1990,12,7.4,1.212,221.2,101.4,61,1.2
05/12/1990,12,5.8,1.44,217.6,101.5,66,1.1
06/12/1990,12,7.2,0.861,228.3,101.4,56,1.3
07/12/1990,12,7.9,0.998,222,101.2,54,1.4
08/12/1990,12,7.8,0.966,239.6,101,51,1.5
09/12/1990,12,8.2,1.125,245.1,100.9,45,1.8
10/12/1990,12,11.3,2.483,236.9,100.6,36,3
11/12/1990,12,11.2,3.084,101.7,100.6,76,1.4
12/12/1990,12,10,1.695,111.4,100.6,85,0.7
13/12/1990,12,8.5,1.877,123,100.8,79,0.8
14/12/1990,12,3.4,1.622,118.2,100.9,90,0.3
15/12/1990,12,4.5,2.724,101.8,100.3,86,0.5
16/12/1990,12,4,2.3,204.2,100.8,66,1
17/12/1990,12,4.7,1.813,152.1,101.5,79,0.6
18/12/1990,12,5.4,0.692,232.2,100.9,67,0.9
19/12/1990,12,4.6,2.979,66,99.7,88,0.5
20/12/1990,12,1.2,1.945,211.7,100.2,68,0.9
21/12/1990,12,-1.5,3.899,217.4,100.6,68,1.4
22/12/1990,12,-3,1.512,244,101.3,62,0.9
23/12/1990,12,-1.9,0.975,240.9,101.7,57,0.8
24/12/1990,12,-0.5,1.317,246.3,101.6,55,1
25/12/1990,12,0.5,1.38,231.9,101.2,53,1.1
26/12/1990,12,1.8,0.601,231.7,101,53,1
27/12/1990,12,2.7,1.79,243.6,100.8,56,1.2
28/12/1990,12,3.2,1.977,228.7,99.9,57,1.3
29/12/1990,12,1.1,1.043,202.4,100.7,74,0.6
30/12/1990,12,2.2,1.339,237.1,101.6,60,1.1
31/12/1990,12,2.3,0.72,238.9,101.5,56,1